id_municipio,DOMICILIOS,TX_URBANI,TX_EE,TX_TV,TX_GELAD,TX_COMPUTADOR,TX_ESGOTO,TX_DIST_AGUA
2802007,1205.0000000000032,0.49626556016597495,0.9815356516843107,0.945406994500761,0.8974652222946273,0.4929943281840506,0.12914922994835284,0.8116369732524632
2802601,1704.0000000000043,0.4876760563380287,0.9905318457746675,0.8811166080185644,0.8326568587388665,0.6407182595772979,0.2538790043060616,0.9089910121458384
2806800,3118.0000000000073,0.5115458627325211,0.9903098836785951,0.9088008021522579,0.8767411487683924,0.7183060172227134,0.010779246281851007,0.9638661859746946
2705309,1471.000000000003,0.439836845683208,0.9967772581933967,0.9341522924360153,0.8424069857212919,0.8775029434736967,0.005127793754404376,0.29635378930772255
2705804,2148.0000000000127,0.5176908752327744,0.9517090046419987,0.8373357975962792,0.7131834407996707,0.6692843702087179,0.13876515790615299,0.6826231527612047
5106828,3198.999999999998,0.3841825570490785,0.9682003092188465,0.8281939557686444,0.8819578213235364,0.5860900461846478,0.035849858702078165,0.5028985727133845
2201507,6922.999999999986,0.3957821753575042,0.9139687641759914,0.8109756496167858,0.7689331322005014,0.620933257157907,0.48136220803308377,0.695137061031381
2202539,1455.000000000002,0.20412371134020604,0.7318483100660855,0.5977344938582477,0.6365907904702617,0.6615177172486809,0.6558791885190153,0.449356267416885
2202737,1021.0000000000022,0.3320274240940248,0.8917470705407058,0.8320915364247438,0.812103228332213,0.4697318156223327,0.06783333665339374,0.5034429352386907
2203354,1872.0000000000036,0.36485042735042683,0.5125162263780508,0.4502434439652331,0.42065456270422036,0.36030522440278906,0.0024825265094848836,0.34106755696438856
2206670,1678.0000000000034,0.37067938021454144,0.8577488401250306,0.7745267105196816,0.7294305717089554,0.25284309959012163,0.7369958911809198,0.6884262901126494
2209450,533.000000000002,0.3752345215759844,0.958636226576182,0.908489748489691,0.8517808267321723,0.24166304195998028,0.07463222998355268,0.3975501032193315
2210953,761.000000000001,0.5519053876478314,0.8196937058117683,0.7181249987703716,0.6725594698648003,0.818753463450831,0.9733562336766507,0.5445242959471858
2401305,2614.0000000000045,0.5738332058148442,0.9794020289576779,0.9108618975332102,0.858002198833994,0.7912356923395139,0.21860695782470677,0.5525753544063063
2411429,727.9999999999993,0.6813186813186822,1,0.9433898609763106,0.9403186578625299,0.8348388360474546,0.6546588832905623,0.7004556979459733
2502003,1973.9999999999966,0.746200607902735,0.9739570977169849,0.9226189492451468,0.9043687472612975,0.8942721919542305,0.6741837465404583,0.712574918383918
2508109,1315.000000000002,0.5140684410646384,0.9815455271131466,0.8879622876542231,0.9237750436946078,0.6689334084328532,0.2252060023028669,0.5324304246142849
2513356,928.0000000000015,0.4299568965517247,0.9495207210474469,0.8685572987646676,0.783187588152216,0.6202944300421251,0.09269176652059348,0.4232544454255525
2515104,3135.000000000012,0.446251993620414,0.9946549755240497,0.960670212681147,0.8616484656196391,0.8213532003012741,0.3510843135681998,0.43362680766249495
2102036,6253.000000000003,0.4813689429074044,0.899587542148965,0.7944012006860571,0.7680426124985494,0.5992533636727657,0.2479038977852376,0.5806675336090237
2104099,3884.0000000000055,0.3527291452111222,0.742397729784391,0.6266205768764227,0.6422930560434622,0.2576774700281864,0.04104225800835512,0.3947666770988245
2104107,2851,0.6131182041388996,0.8896830600375387,0.8010785721662009,0.8169406424117578,0.3602838023405605,0.03354331460146322,0.5499272786229442
2105203,2858.000000000011,0.6196641007697671,0.9814106346669702,0.9066723384798362,0.9182816241892985,0.5654315088831262,0.2225792793565166,0.5872419437102971
2106359,1759.0000000000066,0.14781125639567866,0.5579018329074177,0.4614159086782831,0.4046515271302925,0.7192281961127962,0.2768719450801941,0.08788630578398597
2109759,1753.0000000000036,0.33086138049058755,0.9577117728622794,0.8392355154548831,0.8438056391248017,0.06635340087910437,0.18708659660957996,0.8542687607508128
2112308,10450.000000000005,0.48363636363636353,0.9643405230112199,0.8486286776104041,0.8516113648493879,0.531067889791157,0.13995283202482006,0.824471958556576
2605152,4655.000000000004,0.39892588614393143,0.9707696157890918,0.7988985081362869,0.8357094379774969,0.6818421936323573,0.906938310849351,0.47212319862020086
2606903,3623.9999999999986,0.5320088300220756,0.9803079117125715,0.8965765289763669,0.8170932662862528,0.6160688664512083,0.4733553285571422,0.5208056792475516
2607703,4492.99999999999,0.6340974849766312,0.9943365404541162,0.940031134515086,0.8543336691199404,0.7316159213975639,0.6299331617166029,0.593874914979777
5201405,138734.00000000015,0.998734989260023,0.9990364592328604,0.9657888441152951,0.9760649507366247,0.6843412034529945,0.36526030192477993,0.5710444416320694
5211701,2243.000000000018,0.6830138207757477,0.9929029260663275,0.9366209567645131,0.9703847899943566,0.7759806077609939,0.15990430267755543,0.6746625672945059
2300101,2791.0000000000023,0.4482264421354358,0.987238279181598,0.9274113206942914,0.7760853903465763,0.5049195602836933,0.09349366520933017,0.5985388776152079
2301851,4587.000000000003,0.5286679747111397,0.9739426728612485,0.9105756299232354,0.8420938417429318,0.7680781898541722,0.2317137131513111,0.659589185548576
2306108,5616.999999999242,0.6642335766423392,0.9461441266091059,0.8730016401486071,0.728729134480424,0.546254243622358,0.42761628674820845,0.699076443912553
2307205,2192.000000000004,0.6181569343065699,0.9879079550405495,0.9005180745813032,0.8246277970561647,0.4756129368728727,0.1960451972167947,0.711438508051084
2308807,2129.0000000000064,0.46782527007984953,0.9735396024312317,0.8475481550068472,0.7368213429053029,0.4487396731770123,0.1175216974073333,0.6314922573753069
2311108,4150.000000000005,0.43012048192771135,0.9929431315108944,0.9314702706380251,0.7783389661777522,0.601802413248631,0.3575614855434486,0.5326198214626698
2311504,5902.99999999973,0.6201931221412829,0.9890428301101486,0.9064842976711507,0.8857304426131428,0.5763958072221257,0.030047616459543302,0.7813674241388388
2312205,11873.000000000686,0.5488082203318462,0.9761811829749055,0.8958943564503851,0.8549374787931275,0.7647685543439621,0.3017001404302279,0.5940888955533101
4206801,1115.000000000001,0.4735426008968604,1,0.9593067024963048,0.9914576564876099,0.7184290025820792,0.7086411917587973,0.6218625209472807
4214151,843.0000000000016,0.37722419928825607,0.9944872146483568,0.8829994207253757,0.9651062057798087,0.4676344717650329,0.2195025060685469,0.6975707008639909
4103305,2752.0000000000055,0.7427325581395345,0.9980648624610843,0.9505356975601059,0.9697955569541056,0.7653576490818608,0.13574199024366904,0.7885956760449409
4107603,5382.000000000009,0.7987741054016223,0.9969546366906415,0.9191781302486348,0.9647054166495918,0.8312725709829212,0.1750476126031967,0.8570678303477942
4118006,3773.0000000000105,0.9440763318314325,0.9987748306968484,0.9593807880057569,0.986829684292495,0.8056008268416833,0.1342199356349829,0.9093383563255563
4121356,894.0000000000002,0.8098434004474272,1,0.9668049327499505,0.9843699707585105,0.8427647138630241,0.09822326649954712,0.79720136553329
4124202,910.0000000000027,0.7857142857142855,0.996221918032479,0.9494946630956653,0.98817520252243,0.7703989460331397,0.20942544829305576,0.8383466874272323
4124608,2007.99999999998,0.8964143426294826,1,0.9717406233383333,0.9869565136853692,0.7962947850455613,0.10306794909942697,0.9167458392153276
4125555,678.0000000000022,0.5840707964601771,0.9968069120166059,0.9395086856429169,0.99412702416518,0.5249530365607795,0.027365910700689146,0.9293675041517065
2900207,4334.999999999998,0.5495578623606304,0.9099812662799855,0.7944040277650815,0.6521066289145087,0.5473679701080743,0.5952792869126123,0.7681642491247561
2902401,3931.0000000000005,0.8259984736708216,0.9408856595335819,0.8535214547851835,0.7169813577958296,0.8127163287499947,0.6148212659788286,0.7660573160616979
2903235,3992.000000000011,0.4957414829659316,0.9746183349403723,0.8746094674366729,0.6884554464126055,0.5362919564716624,0.08924276153922231,0.9172224061881463
2905305,4757.000000000077,0.6306495690561371,0.9560066146169555,0.8793282045394296,0.6765706897397793,0.5279737727637664,0.043705848249220386,0.7957348203636025
2913200,7188.000000000111,0.7768503060656646,0.9751921062248696,0.9046273300131438,0.8533568588859317,0.7309778447912246,0.33648539108346576,0.8056661646501238
2915700,2407.0000000002237,0.7303697548815957,0.9525899633829494,0.8709921561008759,0.7238270579695644,0.7142959840525499,0.43920434607936965,0.7468640017706574
2917706,9149.000000000127,0.5587495901191386,0.9664056637806001,0.8806301489711419,0.7733539884640076,0.6580544898447104,0.6636164916605125,0.8036338170402726
2921203,8148.0000000000055,0.6057928325969585,0.959162122031787,0.8777682505600701,0.7511429775579584,0.8483727431222173,0.4820616000684355,0.822483803914451
2921609,2400.000000000005,0.6635416666666665,0.9686738709175069,0.8855858645621527,0.8123887440288312,0.49907595745052025,0.0584279870559935,0.6617584724645833
2922250,2643.000000000062,0.14188422247446042,0.9118173995247761,0.7629762520658668,0.6485918403556208,0.07577662047895642,0.216324146731673,0.690280039025664
2923357,4680.000000000001,0.39081196581196526,0.9688735085676751,0.8723974481162174,0.6191220376696461,0.7254145458322742,0.1624167874031885,0.6909429631051244
2930006,2643.0000000000023,0.4192205826712077,0.9404164702941475,0.7840022338642288,0.7989082774794951,0.6976579493634459,0.14817501025085406,0.6451739021513541
2931608,3632.9999999999927,0.35728048444811455,0.822967143721119,0.7063739478120625,0.5996285478913997,0.6928662947268536,0.5355602059962332,0.37070618704400576
2933174,2719.000000000006,0.39830820154468527,0.961209947911075,0.8619307627593494,0.8266850378227822,0.7317778734590565,0.3075712116207825,0.6204299839518042
4300646,2401.0000000000114,0.5401915868388161,0.992872185461837,0.9239099012549711,0.967051077543918,0.7523380401879156,0.28535537790753546,0.6200876698479019
4301750,2357.0000000000273,0.11709800593975378,0.9910924309839704,0.8979226577845298,0.9209052286097918,0.3322673519434905,0.3335278682955412,0.09887566544521699
4302204,2297.000000000004,0.6882890727035252,0.9971489671973638,0.9735126738150646,0.9936108865664223,0.8397289621727088,0.0921900751548988,0.9794741669378024
4304101,1244.0000000000018,0.5988745980707394,0.994996352844566,0.9648380618692347,0.9808219106836075,0.7281451116017412,0.14007548497112554,0.6096392728381583
4305116,954.0000000000018,0.33647798742138313,1,0.950019467631026,0.9588670505556506,0.3074356388213451,0.5865505658830087,0.6652096657128475
4310876,820.0000000000013,0.2207317073170728,0.9696510510011135,0.8977407320333713,0.89308646781984935,0.65541998537414,0.04093098291551744,0.6987615354869794
4311239,858.0000000000014,0.15268065268065265,0.9886391995949743,0.9703581504794025,0.9464268151314249,0.2999543347803148,0.3033642660312833,0.4724530017230618
4311304,9659.000000000002,0.8772129620043485,0.9960960375793928,0.9614322718356028,0.9837624046063773,0.775422887709137,0.8355849026776687,0.8587084349064971
4311643,547.0000000000027,0.26873857404021845,1,0.9778053365382862,0.9932860650284075,0.6124218464498628,0.4986548095612347,0.7356031893043178
4313011,914.0000000000028,0.28884026258205614,1,0.9938438229857762,0.9870009869650984,0.7926235411196064,0.8394716848295973,0.9913353748448428
4313466,575.0000000000024,0.3565217391304353,1,0.9425405438629603,0.9841218451990138,0.4657897352792519,0.2989364784724397,0.9529094473212616
4318465,712.000000000001,0.4101123595505621,0.9958861552192108,0.9375680758615708,0.9769701891081088,0.7491143392212722,0.0758107445263455,0.5039583451428988
4319372,946.0000000000025,0.43763213530655276,1,0.9800514920515241,0.993865453637659,0.7337744199911672,0.3272820332054165,0.9499538026170717
4320107,7088.000000000028,0.8593397291196394,0.9912596151131704,0.9722036889478485,0.9911755533745686,0.7198843985482994,0.7517641110372633,0.9139139521024149
4320230,1027.999999999998,0.553501945525292,0.9862093148312225,0.9143332512808929,0.9715496585014359,0.9011998299696621,0.12325874379262025,0.8660076863819806
4320321,947.0000000000026,0.3262935586061248,1,0.900961619122566,0.9711989346840938,0.6088701041513122,0.4201412371151017,0.9206948002688551
4321808,8392.000000000047,0.8112488083889424,0.9968467901789732,0.975571165230569,0.9929608854191156,0.7301028385950682,0.17372654011021102,0.8866375662959403
4321857,1428.9999999999995,0.5192442267319808,0.9925450002052191,0.9278123156889525,0.964784501393988,0.7423939681396194,0.2969702755591143,0.9084921607024592
3120151,1757.0000000000086,0.5822424587364824,0.9126730212658567,0.8111803947751783,0.8013883943018419,0.6486949545994694,0.5129712221436358,0.5877807945567738
3128907,2261.0000000000027,0.8045112781954893,1,0.9750280199394481,0.956728454802284,0.6816538695759198,0.8166916266681158,0.8038519681302517
3136959,1515.0000000000027,0.7696369636963696,0.9287985951442705,0.8393650934431633,0.7173862644499451,0.538592161131119,0.09092122984557403,0.7927436449837547
3140530,2208.0000000000027,0.4352355072463765,0.9902328307769678,0.9431413098822797,0.8961254050762428,0.39132299210018223,0.5071019329339335,0.47674008330779966
3141207,1403.0000000000023,0.734853884533144,0.9972888158426708,0.9694462992797264,0.9663289167339071,0.8381073007561909,0.8337154577191992,0.81116299642516
3142809,6861.999999999954,0.7426406295540654,0.995011958649259,0.9581762489055081,0.9620693881822016,0.7547613085867212,0.7367171233570003,0.7488408055094387
3152709,2646.000000000208,0.7086167800453493,0.9885642891328524,0.9728695554164841,0.8966247468841765,0.6428255996805954,0.8118479955953054,0.8043708481636613
3156205,703.0000000000016,0.9046941678520628,0.9941983913235639,0.9583682121763906,0.9426419131150272,0.7843738353947564,0.8025250649720103,0.8176353140766667
3157708,3469.000000000009,0.8590371865090799,0.9943321364793367,0.9469500915813854,0.965365039914667,0.8162473432064463,0.9460805695143517,0.8492676380363599
3166709,2685.0000000000055,0.8141527001862197,0.9829445107880984,0.9052978439618191,0.8793289967950584,0.7703009171332891,0.20792656873014728,0.8643646534578414
3169059,1265.0000000000023,0.28221343873517785,0.9974419427452904,0.9686500507909254,0.938181027758066,0.33890276218115056,0.36792664992014223,0.46840771786182045
3516507,928.0000000000034,0.8523706896551723,1,0.977029904921195,0.9960152732431808,0.803274734359752,0.8523985344843912,0.8510254416343587
1707306,1459.0000000000011,0.6278272789581918,0.9163995166620489,0.7797890514976858,0.8400429201644276,0.5595630099012299,0.1294240301102934,0.6161773269952135
1708254,694.0000000000026,0.8227665706051862,0.9739191565812193,0.8855011034602532,0.9373501603137491,0.5461560310292513,0.024764518150404966,0.8246813357477837
1710508,1888.0000000000034,0.6551906779661014,0.7910530956035084,0.7302326431287357,0.7093495406818265,0.6607351965708167,0.4779145814089593,0.744774704709824
2705002,6269.000000000022,0.26288084223959113,0.9614956875019558,0.8547286616510934,0.65052134289579,0.620086670713334,0.31894049749108067,0.3734600257880681
2705705,5510.000000000023,0.7134301270417419,0.9862853565231025,0.9097600254882293,0.7150225012933952,0.8452606804228584,0.019173777423007268,0.8524090992392047
5106208,1473.0000000000007,0.7813985064494221,0.9906144626297748,0.8669396960571526,0.9522749953457115,0.7661020354714092,0.20871806965664372,0.7050249477288448
2200277,1492.0000000001103,0.5837801608579065,0.9801510741121052,0.9362849167949276,0.8739720745876467,0.4388077318745502,0.025592882573956834,0.9016503304428253
2201150,2531.9999999999645,0.626777251184839,0.7948951859712156,0.7018962227771988,0.7163164850423078,0.35370008915780443,0.024022954495407194,0.6970590137198366
2202075,932.0000000000022,0.3444206008583691,0.8524217702600642,0.7030085412705543,0.7356532436505678,0.20152362019943895,0.890441099010026,0.6837034790606749
2203800,1303.0000000000027,0.48656945510360755,0.822447278715741,0.7529398929887593,0.7006816520370864,0.751591024210887,0.4419724285500353,0.6930080672619745
2207959,1136.0000000000032,0.18573943661971792,0.9129362662941874,0.7635725790138459,0.7778249088089075,0.4922022094922396,0.6852794554509282,0.4266008509219236
2208551,677.0000000000014,0.6720827178729676,0.9906176254225745,0.8612843845343802,0.8574788169462865,0.3987327528094692,0.007178843918956121,0.7754958753812878
2208601,891.0000000000027,0.827441077441077,0.8338540851032724,0.7824365770822237,0.7513084953929532,0.18268963926037698,0.23325234247967466,0.7512130212762438
2209104,1681.999999999998,0.6777645659928655,0.8648164430986867,0.8145714437090236,0.8151522672492414,0.6900050283011621,0.3309341436255021,0.7203593770388906
2209377,1551.0000000000057,0.7337201805286909,0.9007156541471486,0.8375068452529068,0.8211325827743332,0.4863147440957207,0.28517094630507206,0.7330307377215384
2209708,1818.000000000003,0.32636596993032574,0.8302186770555499,0.7148302156393039,0.7347550611994633,0.49113653896040294,0.041456707265274374,0.5192276478327651
2403509,2960.0000000000073,0.5000000000000001,0.9875760037366149,0.9025585211573265,0.8574107616483365,0.5711218609232809,0.1819959968690583,0.7415983921112055
2412104,1842.0000000000023,0.8300760043431046,0.9965893200107393,0.9684332203871149,0.9462879567454202,0.8395911098461597,0.04961868681844879,0.8234254098838347
2413607,1732.0000000000055,0.37817551963048424,0.9839323681309572,0.9319445837380698,0.9020663353919225,0.7072975888342999,0.11702942453007192,0.6901056812949965
2414506,3134.000000000001,0.8541799617102733,0.9935161992013198,0.9386858809740025,0.9111390500927649,0.8213262953110632,0.05397054137031793,0.8302534703196088
2509404,3618.000000000002,0.4773355444997234,0.9941346882208545,0.8998302269573124,0.8226678106292696,0.6963880813320634,0.07532179447814341,0.2667691240971938
2511004,994.0000000000028,0.6619718309859156,0.9893412750119496,0.9385095166387541,0.8376367863924653,0.42208959687632075,0.782280504905361,0.7447430096210079
2511707,1433.0000000000036,0.5778087927424973,0.9977827588370901,0.9415968412620561,0.8352438784907006,0.7971827084860175,0.43612268209024674,0.5798352125898664
2512747,930.0000000000011,0.660215053763441,1,0.9561598960287423,0.8289376692432026,0.6984072951670308,0.25624362530286987,0.6871711413786151
2512754,1281.0000000000011,0.6182669789227171,0.989486360328051,0.9488542636868658,0.8434083555100573,0.8381544698929885,0.19464941869099187,0.44476186387679745
1505635,3534.9999999999854,0.29085458076877585,0.8472797479218382,0.7099615775691815,0.7262362149914712,0.6460339403510774,0.038560871387020246,0.05624321168953291
2102101,7952.9999999999845,0.3821199547340631,0.9418686186084478,0.857158202449479,0.805619132806575,0.6776274375881624,0.32015405244990924,0.40964129847027175
2105609,3917.0000000000105,0.41664539188154165,0.9584332699617205,0.8456990034312446,0.8316913754419718,0.7438480564193032,0.029844877827668086,0.8220216385811286
2109700,1370.0000000000027,0.5116788321167889,0.7833830232111781,0.6867195234994912,0.6762019551481665,0.5087250425489744,0.2912152287327142,0.39794339896694003
2111078,4267.999999999973,0.37886597938144473,0.9215566950257619,0.794361924399489,0.74004012626441,0.08708184744164649,0.058235296430852734,0.7172704531239377
2112233,5119.000000000023,0.8616917366673186,0.9837570763167175,0.940695434783195,0.8993564568538988,0.5996529267787654,0.17659313613659,0.8255364586543987
2600203,4744.000000000003,0.3543423271500848,0.9752949681335115,0.8145116057220152,0.8575514388178409,0.6319548994961108,0.3440554859998805,0.4195574787086041
2602001,8955.999999999993,0.3941491737382769,0.963851076356817,0.8462081529886374,0.7028110025652939,0.5861377894074543,0.41923591305693997,0.40677289031748004
2602407,2439.0000000000055,0.4157441574415743,0.99166853619962,0.9253186915549486,0.7592178628316354,0.5823860351096175,0.32661734482755694,0.5093439673547878
2602506,2135.0000000000005,0.49789227166276445,0.9835947670274866,0.9454539453268155,0.8423490645959759,0.7127722029430327,0.5386379835570346,0.47855909564666305
2606705,2302.0000000000055,0.4582971329278881,0.9878520178287851,0.9270269554022204,0.8011011423573811,0.6139582572425537,0.5098184129559951,0.48664095750529923
2607307,7250.999999999985,0.6425320645428222,0.9687002102926575,0.8682567027652097,0.7046303064871423,0.5527646689701817,0.2771673168189446,0.4421506590621675
2607406,1143.0000000000018,0.8503937007874017,0.9403502556278801,0.8963572131585089,0.8192232830406007,0.848509838709771,0.9066047250794064,0.8351251559685396
2607950,2941.0000000000014,0.6484189051343074,0.9952459296413243,0.9142999886129362,0.8471734698474387,0.6784721834794692,0.3952407386187637,0.5240595333557958
2608206,4179.0000000000055,0.7489830102895427,0.9965278613342081,0.9240941584828666,0.8511980303035935,0.8699414914903402,0.5812973356323267,0.6495962129080404
2609709,6354.000000000005,0.3896757947749448,0.9910161657792882,0.9230622384605786,0.826908645314932,0.6759267288597386,0.2657737973185452,0.4599603596983308
2610400,5090.999999999893,0.4386171675505786,0.955624269902731,0.819677339720912,0.7379464847594809,0.6412768262548132,0.562740162178638,0.5631334081323308
2614600,7990.999999999774,0.7621073707921411,0.9896658639324593,0.9376237455370462,0.8596365165452592,0.8551716109980287,0.7868640867024934,0.7349429377448657
2616100,2439.000000000001,0.3001230012300121,0.9696476884951456,0.9086362182797214,0.7657596975793088,0.889816866397695,0.5168335237294417,0.709877191832882
5204607,1070.0000000000036,0.7018691588785042,0.9923653278110701,0.9371123512875736,0.9787400235736192,0.8336455122337445,0.018219090566906775,0.6839116343371145
5206602,1065.0000000000034,0.8172714564336434,1,0.954205596312082,0.976671546885901,0.6979543347470667,0.5367112473485179,0.8050544199746805
5209150,1718.0000000000036,0.7898719441210711,0.9965728028944855,0.9277747164974272,0.9381518039267688,0.7035076842663315,0.0020635283853480033,0.5959457612457786
5218052,1086.0000000000025,0.8812154696132591,0.9980825244172146,0.9557690581325521,0.9581961019625753,0.7639210282889124,0.056022759430072185,0.8145917873889508
2300309,15084.000000000175,0.5255900291699852,0.9820060385958074,0.9005154307941682,0.8324523846483126,0.5618061092735493,0.26768600202596654,0.5618270289596371
2300408,4451.000000000019,0.2812851044709048,0.9467043062964251,0.8456802135088248,0.7594618944879792,0.47536078833356654,0.18826826380682088,0.5319820717545662
2301109,19891.999999999673,0.6493565252362778,0.9833198696623934,0.9404684408544282,0.8761580093185447,0.746571992106888,0.050197757156710016,0.731876897874494
2301901,14719.00000000015,0.7007948909572691,0.9963121593829164,0.9628103117145318,0.8751959838940533,0.6884613401995748,0.21027522887914202,0.7843303795247568
2302701,7637.999999999956,0.7440429431788428,0.9851338340021745,0.9244547893161638,0.8051592897554285,0.4876997787719542,0.2677500486395099,0.6941974942079393
2303402,4575.000000000005,0.497486338797814,0.9932448099507811,0.9319552137755144,0.7757772155134096,0.6243101393726836,0.031233841720329954,0.7095730130297684
2304269,2771.000000000022,0.48033201010465437,0.9732417980220391,0.9087633166981011,0.8720042522421608,0.7105259064005972,0.03357463007814157,0.7299417191796514
2305654,3494.0000000000127,0.3786491127647393,0.9816837298694732,0.8897751420770627,0.835826534664808,0.552810557314398,0.022958491919798273,0.8070130981122786
2309003,4230.000000000002,0.6716312056737594,0.9965863909049772,0.945672292716829,0.8920346353523457,0.738708961100241,0.21314292600387255,0.6789433076900082
2309201,3988.0000000000105,0.7156469408224682,0.9962550902088819,0.8977180758602122,0.7917748115167395,0.6534100217503997,0.4802032574955856,0.7130751566724286
2313609,8799.99999999929,0.5035227272727274,0.9901652381229848,0.9221529490653928,0.8227626570159062,0.5922393164721982,0.0725998546007341,0.6658026775466985
4204400,3096.000000000018,0.6246770025839798,0.9913511267981917,0.9639284580063916,0.9848038181984708,0.6239327280778374,0.5975420938803858,0.7388910194077163
4209706,3490.000000000003,0.6246418338108886,0.9801450744659542,0.891425909033608,0.9280917199711525,0.7462517739349672,0.5065358285886467,0.6454264638546391
4214102,741.0000000000026,0.3967611336032392,0.9980624227907963,0.9949580111116564,0.9954707472734983,0.6329453136210402,0.6020304128753919,0.36633471584986915
4215604,603.000000000002,0.27197346600331657,1,0.9803186676694218,0.994714814151987,0.7876746796700371,0.5389537789037406,0.27724922908490995
4100459,1390.0000000000018,0.5179856115107911,0.9735542626496769,0.849182964288782,0.9101745483679219,0.8172281338807584,0.01912289472347878,0.5660277459499815
4103024,849.0000000000034,0.36395759717314413,1,0.9380519587775348,0.9788537903604363,0.5778192135890114,0.01367262979900293,0.35823777025752035
4103156,1195.0000000000034,0.26276150627615025,0.9954011330941716,0.9061624589946026,0.9607094578179753,0.689930821093152,0.06866933943786367,0.6518062519424684
4113759,1740.0000000000011,0.6977011494252877,0.9979317514095168,0.8978316156764301,0.944693026941238,0.7459088288168242,0.011612386692405764,0.6730298832200173
4116505,454.0000000000034,0.7400881057268728,1,0.9780376160826862,0.99429331275181,0.7463082258261197,0.02109377030923013,0.81094154551239
4118303,907.0000000000016,0.9051819184123484,0.9958472723424875,0.9279599821794697,0.9731880798555576,0.5493080094563135,0.046063807822913236,0.912801451504683
4120200,807.0000000000019,0.7013630731102856,0.9946894542000071,0.9500989711806971,0.9523128018461843,0.6667832366566443,0.06402137368115773,0.7908848820949154
4126355,1477.0000000000032,0.5396073121191607,1,0.9812458938729058,0.9976152947160616,0.8060486999627329,0.11693342435119641,0.789607223806311
4128633,1687.0000000000036,0.16419679905157064,0.9611032305469455,0.6227697306986439,0.8538568924326017,0.18234346056041847,0.6238663534666354,0.3614686184989429
2903003,4125.0000000000055,0.46488888888888796,0.9660683935963342,0.8920398726920045,0.7632961214377358,0.45018839304879094,0.029896751812602634,0.8185651292608899
2905107,2974.0000000000387,0.3759246805648955,0.9318557498328867,0.8038478597963132,0.6549371699665157,0.7379739306535545,0.11026393779408675,0.6082321596915872
2912509,3791.000000000023,0.3845950936428378,0.8379065911264518,0.7360009785732415,0.602302647874834,0.551352489667455,0.024368710147275634,0.5348681578370769
2914653,8025.999999999951,0.7457637677547954,0.9640575154483054,0.8646614644353495,0.8041766854068687,0.7346641104019987,0.03845989981786867,0.8158304157047448
2920106,5825.000000000004,0.6020600858369091,0.921096797113396,0.8246668369700185,0.6841521936091072,0.7808727013907878,0.6460028600020314,0.6490560866597491
2921807,3447.0000000000064,0.4888308674209452,0.9623542239067978,0.8944348114791825,0.7754276893445748,0.6631165752571643,0.02102447501943616,0.6575369983751844
2924306,4861.999999999999,0.4487865076100384,0.8684980648791643,0.7758605858368888,0.6489169502896207,0.4977102743528074,0.06144551166703923,0.6778859683263317
2925253,4530.000000000028,0.5821192052980136,0.9655945529350198,0.8623767331326299,0.7323291805328036,0.6373445259655673,0.12810617674842326,0.7996776414724834
2925907,7284.000000000009,0.25247116968698524,0.8497212050118008,0.7365839825790736,0.554210174695936,0.5955291410132749,0.19815927820061316,0.5695674212670173
2926707,3722.0000000000023,0.4973132724341758,0.9824560671113263,0.9142092063080793,0.863650798611615,0.6083563489659876,0.23032101259630752,0.7386621247843471
2927804,1764.0000000000055,0.7579365079365076,0.9577422818965092,0.8874375407932812,0.7849548925405493,0.7292295374365436,0.7836951019862152,0.8110085462525183
4300901,2172.000000000008,0.5451197053406993,1,0.9807261940230787,0.9968784476402999,0.6131861760733006,0.7350591208800077,0.6382331542508305
4301404,3239.000000000042,0.6464982008639729,1,0.9590840072775864,0.9828548494298616,0.5818208291107639,0.4752094917948575,0.696484936477385
4301859,1011.9999999999972,0.4456521739130436,0.9972277325364416,0.878687177227682,0.9730626274410785,0.618285253623155,0.04061478824975564,0.7715629016054164
4302154,704.0000000000001,0.41051136363636465,0.9972834750425731,0.9162497752820737,0.9641659155126399,0.7767884302530422,0.118503169981571,0.9007113819868342
4304408,13215.00000000002,0.9191938923451299,0.9967740569011639,0.9801458281964266,0.9841920372427774,0.7047344224339636,0.8718850357334886,0.9506128873947295
4305124,2316.0000000000036,0.5898100172711561,0.9942050806639241,0.9586643412383967,0.9501212857407422,0.6355945890424572,0.5571853228360344,0.6044942892150897
4307302,2616.000000000092,0.4774464831804268,0.9884613171441988,0.8575166822666372,0.9159163633590821,0.772595965077152,0.18950323108173836,0.7326761373081664
4307864,763.0000000000048,0.5504587155963293,0.9958591614375107,0.9778807800615776,0.9958591614375107,0.6743937134129175,0.5212986464582894,0.6303427310836607
4308003,2166.999999999994,0.6571296723580993,0.9972273974120462,0.9784270166882932,0.9735971166331111,0.7358370658935719,0.7279822184036432,0.6698407436477994
4308854,545.0000000000014,0.4422018348623846,0.976532207479275,0.958469765750445,0.9720162204823207,0.5301152507202096,0.30909992528096536,0.8689432218642222
4309654,1951.0000000000002,0.5012813941568433,0.9979336750614591,0.9104347098778831,0.8670837891780273,0.5631420053859203,0.6392875039747735,0.5201851178386941
4309803,1650.0000000000007,0.6254545454545467,0.9979998545080394,0.9755458070011253,0.9905139914160761,0.6458295132601216,0.4977452340082979,0.7489321319769705
4309951,1397.9999999999998,0.5944206008583688,0.9939657312118291,0.9522397008161048,0.9849349470523828,0.6470420517668941,0.11925793386176975,0.8457147748211798
4310702,1354.0000000000073,0.4453471196454946,0.9941959686197056,0.9242926270909073,0.9616895417762091,0.5036492404479974,0.3984059058176911,0.5925257106341766
4312674,618.0000000000018,0.3899676375404527,0.9924717350282887,0.98044441843893,0.9649284706185328,0.6483163600785118,0.12070020132407525,0.927137434849392
4313425,1417.0000000000025,0.4142554693013413,0.9899371990721905,0.916294382370052,0.9627121496103098,0.5984750663181513,0.08354691644109152,0.8988559382601231
4314027,2526.0000000000036,0.4156769596199526,0.9944152362317192,0.960778357943875,0.9628555230714967,0.5023912009225577,0.40375666803632954,0.6183252344833885
4314134,699.0000000000023,0.2975679542203139,1,0.9650986524029959,0.976372727634636,0.577705306164388,0.2943373669262915,0.7111801658960921
4314498,1441.000000000004,0.21721027064538445,0.9959416821273273,0.9289644799268685,0.9717833190634634,0.6387822105137665,0.16763835639636043,0.4908578547901295
4314787,546.0000000000016,0.316849816849816,1,0.9680476961716015,0.9786240584141935,0.37781905880483707,0.4380631836795328,0.8260298829237812
4316477,895.0000000000007,0.4301675977653631,0.9962609417494767,0.9852027774035677,0.990044395788815,0.6416890342343479,0.4298320929161996,0.9859079127777357
4318606,2321.0000000000077,0.6617837139164156,0.997317605136644,0.9829151857526309,0.9929506547332457,0.7159186888278384,0.7800147378967984,0.5654075528278537
4320552,2022.0000000000048,0.2294757665677543,0.9916560626353275,0.9594695949377975,0.9568139161568862,0.5545171596991704,0.32891609957742984,0.17571398145050185
4320578,704.0000000000028,0.24147727272727293,0.9821183039255545,0.9304067981389009,0.9054131092331164,0.4479700293840085,0.22002842943615136,0.966245578910731
4321956,1963.0000000000043,0.5180845644421805,0.9835888714611124,0.902016481518532,0.9609276309570446,0.8202375324373231,0.29807763927716574,0.7660649795720946
4322525,1164.0000000000023,0.28436426116838504,0.9939715476959659,0.9629235902379459,0.9584202901475317,0.5400535013837275,0.5336327130525566,0.4419938635152173
4323408,1343.0000000000018,0.5748324646314232,1,0.989479526342132,0.9963131675985287,0.7175968985473673,0.5910898437370222,0.908552120127215
4323507,885.0000000000008,0.44971751412429445,0.9882314444313164,0.958044995740691,0.9747829694294423,0.7395176006879669,0.18725422974157854,0.5830125402134428
3105707,1946.000000000004,0.3900308324768759,0.993033034618599,0.9275168056324696,0.9034906479690338,0.46427352810114503,0.6419328655644531,0.4906813700857332
3114709,1101.0000000000025,0.7456857402361489,0.9980829208100799,0.9631302133321265,0.9642252698204957,0.5585492970814614,0.7506123496130455,0.7499495002560456
3120003,998.0000000000016,0.6563126252505008,0.9784785340157603,0.9014459402432297,0.9373586468870815,0.6567180773775535,0.6842943847216115,0.6424556239985799
3121605,13031.999999999694,0.877378759975442,0.986463980966232,0.9459172376568126,0.9000085188059822,0.7521035903103321,0.7787281676378905,0.8903355958258617
3122009,6170.000000000005,0.5952669833169251,0.9930991052205272,0.9392808388164234,0.9289323633105366,0.7877278489970713,0.5363343013102805,0.5646792832769585
3129004,2924.0000000000123,0.505813953488373,1,0.9710019095624312,0.9516518805978383,0.6666592900278747,0.4519279577660306,0.5250370943943279
3138104,1991.0000000000018,0.5931692616775494,0.9688305193536305,0.8951267264079649,0.8987093847832132,0.22987063907110603,0.031369552766462014,0.7480068090215009
3140100,1312.0000000000014,0.8239329268292683,0.9939721414045724,0.9398247583990309,0.8961974960323081,0.6409995747335728,0.8004688872245685,0.8542780339422572
3140209,891.0000000000024,0.8170594837261507,1,0.9652955647707916,0.9785628730311996,0.5459589399406447,0.6326374923953871,0.7440411308550656
3146909,4090.000000000525,0.8410814336839038,0.9959225733657863,0.9598042669294939,0.949967805880553,0.6838176164354614,0.30882369561318634,0.8737676567150898
3148400,1347.0000000000002,0.5055679287305119,0.9651051723862375,0.8990950165910563,0.799580941893463,0.5058258073140117,0.5302953981629823,0.5904146327015493
3153707,1129.9999999999882,0.8283185840707965,0.9948143923425015,0.9444076092360786,0.9577208942711882,0.5990275859102746,0.39989950210706926,0.8052809436512824
3163904,1776.0000000000023,0.5686936936936926,1,0.9309069257066783,0.9392114591084841,0.6321400804792139,0.6109138931683394,0.6622273229841052
3165107,2301.0000000000127,0.7922642329421993,0.9977784685542579,0.9475998913732686,0.9560813658949069,0.7165711819176291,0.7836613053185376,0.78895749510626
3529104,692.0000000000038,0.8034682080924848,1,0.9496677358032807,0.99462668414312,0.8821893127101446,0.8495869703013941,0.8054026387208895
3539905,1816.0000000000002,0.9025330396475778,1,0.9752953953326953,1,0.7879565543733232,0.8941294026197676,0.8855701578739441
3542404,5968.999999999913,0.9242754230189296,1,0.9702543686032934,0.9920732877133212,0.8416488785196583,0.9158526057606196,0.9220955564128196
1700251,760.000000000002,0.585526315789473,0.7880879590605379,0.6967759362126668,0.7468082652465782,0.49933713879677466,0.1615446280962963,0.581185225491029
1718659,455.0000000000014,0.9340659340659343,0.9546965186123947,0.8348225094646256,0.8198780921787377,0.6242824310659429,0.4016471477011945,0.8216861238854244
2804102,3485.0000000000086,0.42352941176470527,0.9975333525734151,0.938455424356951,0.9289420893873063,0.8913308776130305,0.2893167016924022,0.5501606193905895
2805901,2472.9999999999936,0.8350181965224424,0.9936085316261469,0.9573702517727266,0.9161761196469399,0.4996109807405717,0.6294302979006823,0.7948320646087073
2807600,6176.999999999836,0.6409260158653065,0.9950663285087281,0.923121946315243,0.8047808103917957,0.7136704940720021,0.019560985446080526,0.31558759202535536
2703700,1414.0000000000034,0.5459688826025455,0.9926404213892548,0.9027845356434907,0.720918973948043,0.6357538206302589,0.010193573200452237,0.6389168742982578
2707008,762.0000000000023,0.5905511811023618,0.9576820938765048,0.8921882122497261,0.7830810422941837,0.7362379803309712,0.0122774985194958,0.42837580997266894
5105903,4554.000000000009,0.8176670482875853,0.983595185756235,0.8577816227935163,0.939480648631688,0.7338404209415307,0.20997819623305652,0.779294081078323
5107198,744.0000000000031,0.7217741935483866,0.9857780726340108,0.9098232263559763,0.9062325716724929,0.6408995111329364,0.3279072468793577,0.8414814521880617
3203304,4465.999999999956,0.6580832960143297,0.9948939419861633,0.9402824835466533,0.9447375369219706,0.6414387181952947,0.6143947117681732,0.6736794113471236
2201309,795.999999999998,0.6055276381909556,0.7011882170232033,0.628231248045992,0.6235399234287937,0.0981002278648173,0.0034454023852187126,0.8002730290770957
2201705,1462.0000000000007,0.7510259917920654,0.9308719481768152,0.8666225128557242,0.8690386643220259,0.22284394053451329,0.01172504183577577,0.7176110727676539
2202091,1542.0000000000023,0.3158236057068743,0.8528159742008822,0.7310914539081591,0.6044370359243042,0.5147653720655774,0,0.03226633051325146
2202604,5087.000000000269,0.656379005307645,0.8747569653235031,0.8126215561203405,0.7676867300753001,0.5879791949374421,0.232667171885825,0.6589496488401906
2203859,743.0000000000007,0.3660834454912515,0.9960683184754635,0.8491709205289086,0.8679527587794169,0.7647103770656808,0.007878535195021177,0.6531980974486076
2204808,2566.000000000001,0.6200311769290714,0.9814606265614447,0.9233114841195775,0.865058736303233,0.6738899736412557,0.019608942180075244,0.8210684328373754
2205250,1235.000000000002,0.28744939271255043,0.9524854968150431,0.8637451642237444,0.8325020861127361,0.3544667502274402,0,0.8580074711957631
2205573,1665.9999999999989,0.32533013205282313,0.9516299106676896,0.8490932274633466,0.7410901083641814,0.5477699207294582,0.04679858583041646,0.39518268637669013
2206357,1713.0000000000025,0.26036193812025676,0.6847222247829697,0.6253898058512026,0.572986195201693,0.6601124795413926,0.031802092621722476,0.574627752881276
2206951,914.000000000001,0.30853391684901554,0.5776517067917442,0.520444225781729,0.5371555112828308,0.7136825277749398,0.10654844035261091,0.4989224469512518
2207934,655.0000000000015,0.364885496183206,0.9859165298948799,0.8152686331807716,0.8245177149804956,0.6601198254338272,0.03578072482681951,0.8672589625860991
2208700,2057,0.6485172581429267,0.9452844613716394,0.8552595306933555,0.8487012934873812,0.12166539627455536,0.5731964366978943,0.7848124750640632
2208908,1657.9999999999895,0.665862484921595,0.7326659679771154,0.710118082265603,0.6814818072185009,0.3948992287580727,0.1588762994932019,0.6339557640350406
2209906,1791.000000000001,0.5862646566164151,0.6994984199154658,0.6415190717112601,0.6073685764421851,0.481047549802032,0.5427472980758946,0.5530621515805411
2210375,746.0000000000007,0.32975871313672855,0.8951809351272747,0.7614279386512145,0.8224701565871471,0.4857718462387861,0.029674110763027752,0.9612730300540654
2400307,2948.0000000000045,0.5434192672998639,0.9887023256295834,0.9369342220891804,0.8892720170471762,0.6848748083314354,0.5544643347114636,0.6678900394461439
2401800,3296.9999999999673,0.7816196542311193,0.9954607522061971,0.9547603557044644,0.9014615615402788,0.6048842540864271,0.32315828722652623,0.7813775303214435
2503605,2105.000000000006,0.73396674584323,0.9881996871338894,0.922272246192169,0.7848453035223638,0.7538481956064108,0.5411907514732529,0.7188375547933296
2508802,1659.0000000000016,0.8921036769138027,0.968808925334531,0.9112341677986411,0.8511382898974104,0.6551451418674256,0.8050279002493844,0.8359403207249151
2509396,1679.000000000005,0.6843359142346633,0.9945217618191735,0.9653121906365508,0.7983863975408507,0.8092064988816693,0.26118567969836576,0.5967690544281381
1501758,1923.0000000000502,0.5891835673426945,0.90669166296353,0.7897068283215077,0.7606442320304438,0.2669101380280629,0.09630118136222994,0.668529944725999
1502103,23667.999999999927,0.4654385668413025,0.8574535682552972,0.774558839814375,0.5912925053498853,0.3985452635432078,0.10969251299376039,0.4967444946833531
2101400,21409.999999999993,0.8744511910322299,0.9395175607728972,0.8893256588759798,0.8659546788305768,0.5864256820037393,0.19661587916308423,0.6951331545286858
2102705,4713.00000000001,0.650753235730957,0.9562160391016776,0.8627578000928088,0.7484057123357204,0.5974660555334316,0.42891867178853926,0.5671796891739351
2104909,3339.000000000105,0.5708295896975143,0.9685792885632052,0.8522959862407549,0.8053396857933074,0.38043555216749314,0.026194414365159947,0.7960926627933479
2105476,3642.0000000000036,0.18973091707852824,0.9351487085611906,0.7426382293717597,0.6630849870712843,0.3320123825269553,0.06079764193964146,0.6618528036538853
2107100,3782.9999999999995,0.4144858577848275,0.837306135825728,0.7046599576035475,0.6615312852927148,0.48429649614894743,0.025968818080436266,0.3051042066900722
2600807,7064.999999999986,0.5924982307147924,0.989500092644448,0.9116193014897395,0.8269234967688492,0.6441141708251735,0.6421837566091215,0.6226760439024936
2603108,5879.000000000162,0.8256506208538871,0.9947450584582422,0.949355482160746,0.8711655713465212,0.6952301072456285,0.7476212817843659,0.6624648651398214
2605509,3117.000000000003,0.8155277510426687,0.9966056496450233,0.9429582874672243,0.8676428496344717,0.6562658667069685,0.5307505511288226,0.8029068302995735
2608107,9281.999999999996,0.5169144580909291,0.9948895213943565,0.9302333930767311,0.8410503494015248,0.6397567624815169,0.19276824397790693,0.5946709532070867
2612000,3573.000000000002,0.5857822558074447,0.9930327358358149,0.9438946958009647,0.868176710991804,0.8669849008112597,0.3209809668634543,0.5717613034113126
2616506,3683.000000000005,0.6722780342112408,0.9939616967819036,0.9350592800196467,0.8148142516652609,0.7845714315723216,0.6030871645082366,0.8011031478793315
5204003,2325.0000000000227,0.7247311827956988,0.9824249074956027,0.9214812359639607,0.8828051394837223,0.6427876304935712,0.21245851893455667,0.7365174021448295
5205471,2097.0000000000014,0.8378636146876489,0.9967456031716895,0.9619227709272571,0.9597906276984223,0.7797765312591877,0.7185115692081526,0.8365303004792254
2300507,2859.0000000000023,0.34137810423224907,0.9770034981464164,0.9100021776954557,0.824715940088292,0.3896747020513207,0.26687950436887065,0.4055469536921515
2301000,20054.000000000047,0.9315884560277007,0.9863505852459906,0.9433031736826216,0.8901903641067307,0.713202312289582,0.37336320582364557,0.19996730426491022
2303006,5250.999999999997,0.5844601028375548,0.993907468566301,0.9050947194776808,0.7845770842756837,0.4467609434892983,0.10536326922854959,0.7676202615227817
2304236,4848.000000000009,0.5429042904290419,0.9939407003757229,0.9292126452500814,0.8205917410696483,0.6534118469110433,0.2628962866091585,0.943643390501159
2310803,4366.000000000007,0.36440677966101703,0.9853986354600761,0.9287369731396833,0.8468361360754145,0.8086935132168978,0.14464540488201147,0.6735516862071784
2310951,2790.0000000000064,0.35734767025089587,0.9967865725672846,0.9510050976605461,0.8992417183543507,0.633966313703946,0.07771748436228619,0.5462252382365894
4204459,738.0000000000016,0.2953929539295394,0.9881717824251597,0.92741983109155,0.9724102997409076,0.634466501680327,0.21517183312003635,0.39354223996938653
4206603,1632.000000000003,0.5735294117647063,0.9977680015777426,0.9756179896734974,0.9909857524512521,0.8610855412981726,0.3603504638871621,0.7939583100761808
4210704,835.0000000000016,0.5269461077844312,0.9919385074435108,0.8997760277670349,0.9220033874956383,0.5536315636007719,0.3238550813357252,0.5236868854730173
4214201,3135.9999999998304,0.5927933673469404,0.9986256802630311,0.9557672212437504,0.9827469583926408,0.7879476029887466,0.3779472766312648,0.5647767635743691
4217956,584.0000000000013,0.2089041095890413,0.9868467927337299,0.9634598858010262,0.978496351778478,0.576589710326634,0.07466884193922449,0.8339093954294771
4101101,6700.999999999994,0.9423966572153403,1,0.9564014397274164,0.986726042403984,0.7395320830124104,0.5816480807877554,0.9413747231337671
4103008,1537.0000000000048,0.5849056603773587,0.9959883423477778,0.9519131724851656,0.9894941038303269,0.7432400030381628,0.004315627500011718,0.8142938721082983
4108700,2087.000000000009,0.5742949040653558,0.9865891478138009,0.8729833335134842,0.9538389410054382,0.6544619723564509,0.2842779021940146,0.6304804736372536
4113403,1296.0000000000027,0.5848765432098761,0.9972267097069326,0.9508806016096099,0.9920678645904627,0.6609362599862998,0.275886526664328,0.7293320256914279
4123907,4165.999999999931,0.6793086893903033,0.9990425670771662,0.9650795277723444,0.9729059226876177,0.7878610481421268,0.46416756828212974,0.9123856407166802
2900108,2583.000000000003,0.46612466124661206,0.9735189020489597,0.8698073787939469,0.832499341099464,0.6802311601219722,0.14568157203121015,0.917224969733805
2901957,2141.0000000000045,0.6884633348902384,0.902176507168555,0.8140246691301363,0.6633184823095695,0.5877737323757491,0.4907071684438013,0.611941335237005
2904100,5804.0000000000055,0.3706064782908337,0.8910730701587442,0.7757647861124636,0.6291145659296417,0.6255954805693514,0.048508044942743855,0.5817557036614552
2905008,6339,0.624388704843036,0.9650588903057836,0.9030634231814859,0.8442110787769915,0.8717420853056203,0.18965394245802047,0.8782850083089557
2909109,4252.000000000014,0.4401458137347135,0.9249405456885642,0.8377129699771146,0.7652524481696491,0.643700785361172,0.026755830276510118,0.7924592416102237
2910206,1182.000000000001,0.4898477157360404,0.988542479135413,0.9202076716927794,0.8907826836627392,0.653976674919088,0.06768430828841566,0.49099855178209156
2911303,2980.999999999992,0.5119087554511916,0.9623380896392015,0.8921922380580943,0.73331413148529,0.7003441245531459,0.026892332853071767,0.7664532179133349
2915007,4103.000000000101,0.43602242261759583,0.9316193879787191,0.8347113572628057,0.6461850987012633,0.5507893069840767,0.11851209599682441,0.7558640652998033
2916906,3809.000000000003,0.7566290364925178,0.9817088638925784,0.9038673262493719,0.7024252639866487,0.7432366148165765,0.5322909052972722,0.7817298408963564
2917409,3689.0000000007594,0.38465708864190484,0.9623797733178762,0.85710880239967,0.768837637455882,0.674136908048703,0.05976483626442564,0.8372493066556449
2921500,14505.000000000038,0.18152361254739718,0.9116407934681445,0.7776042867608959,0.6108632416717211,0.6223121621725463,0.2178204030153444,0.25454087127211183
2922102,6768.000000000004,0.5575073612266828,0.9192993169104767,0.8474389488617807,0.700223480714209,0.7716218620893844,0.43223587942388286,0.6903293741668883
2930303,4999.000000000009,0.3532706541308264,0.9461927444531636,0.8719263747884286,0.8167308054057864,0.5309827247652502,0.04468936860863259,0.6063415741849415
2930766,3786.000000000003,0.43053354463814053,0.8631897523336443,0.7695213022892405,0.6281809078784972,0.6998612908922608,0.20179350477173152,0.7151127989163008
4300059,1169.0000000000068,0.41060735671514104,1,0.9649572586834103,0.9947480181758024,0.6778319271493335,0.635613058116435,0.4830059280699913
4300638,2117.000000000006,0.3108171941426543,0.973137253187463,0.8936316021671434,0.928290998941067,0.5321785985177667,0.18920934968719416,0.650373481880397
4302378,782.0000000000013,0.5140664961636833,0.9945299868934473,0.8939199792548973,0.9643066982206006,0.7116319975357834,0.24565606693495853,0.5654591230126905
4303707,2080.0000000000005,0.38942307692307604,0.9971731313573422,0.9766249488243678,0.993102976468706,0.7276687630662233,0.3971600343013664,0.9531864602332747
4304853,499.00000000000074,0.2785571142284565,1,0.9567933766529283,0.9624622136978508,0.17952623847710522,0.4937788080056063,0.5848844736781221
4307104,2602.000000000072,0.6894696387394297,0.989984341588189,0.9324361415329067,0.9095653612122523,0.6428959783249312,0.6637855104418372,0.6637951384772027
4308250,657.0000000000018,0.17047184170471832,0.9875258299299438,0.9333331064141206,0.9743521718228826,0.38150213979426867,0.2228515004546641,0.7698880497178943
4309001,5912.999999999992,0.763571790969051,0.9962908856293289,0.9318048773791674,0.9790560972731515,0.6721619996257822,0.14644248466023352,0.8332208129241682
4310850,1355.9999999999193,0.3938053097345155,0.9873533335038728,0.8644373577661432,0.9463624539658786,0.8246727145141698,0.2538393453347844,0.7338486542447424
4311205,6457.000000000028,0.8315006969180756,0.9947843436337765,0.9680997890512708,0.9618421602053254,0.6552695060098104,0.4877016122548718,0.8577154192790905
4311429,802,0.29925187032418965,0.9706277839245815,0.8035617902734298,0.9426997538441799,0.4640226694443204,0.006812776854835608,0.8886627032474986
4314209,2885.0000000000855,0.9362218370883887,0.9985014554266693,0.9787768768622744,0.9686023549183865,0.7741251110159781,0.4034713487031269,0.9123549231358403
4314753,690.000000000002,0.42753623188405876,1,0.978385451420576,0.9967761923062691,0.5888962326783604,0.998065011271861,0.9514900146964554
4315008,1994.9999999999973,0.44912280701754453,0.9903811267635605,0.9253283106132919,0.9590430173777353,0.6027988083350175,0.13434679624526294,0.9209895900805336
4315131,628.0000000000007,0.3710191082802544,0.9870231889849048,0.9392088681895274,0.9711962758765981,0.6942170289652324,0.21094245550126872,0.4703668329177717
4318457,903.0000000000008,0.3167220376522704,0.989777340477995,0.8650978172462307,0.9805960320270062,0.6112883756690644,0.1523148402694139,0.867508580498152
4319158,2521.0000000000014,0.5188417294724337,0.9911147110471188,0.8768515610627093,0.9275346403359914,0.6564809002006309,0.2924993810945443,0.6762333278220816
4319737,736.0000000000013,0.2540760869565211,0.9798337033216304,0.8863181360608278,0.9102426364051067,0.6688813848755054,0.1403401609096056,0.9520787520837732
4320453,766.0000000000026,0.25456919060052174,0.9979197981793967,0.9377508847266176,0.9667080433781163,0.4976392341283986,0.11573788881668258,0.5577818474104691
3106408,2474.0000000000014,0.4341147938561037,0.9951657096707394,0.9519061438722415,0.9511119716775495,0.47695260295490527,0.5004035442316085,0.4378153944182597
3106903,4656.000000000035,0.948668384879724,0.9952936783825754,0.9770813934600714,0.9580630915429436,0.7397585806937921,0.9374893073422179,0.9287788020669412
3110400,989.0000000000031,0.48331648129423627,0.9979443753255435,0.9794863361237054,0.9200132324708654,0.5152161150538686,0.7504704735418154,0.5750566432741782
3115706,2329.9999999999973,0.8339055793991431,0.9951449599353519,0.9331416774300806,0.9292144458063342,0.5528364244138948,0.7278274206734594,0.8277195370030315
3120607,1614.0000000000036,0.6288723667905819,0.9981108752204672,0.974755951566531,0.9661658588871892,0.5800472357514559,0.608384979069301,0.621631331559287
3121308,1596.000000000009,0.8565162907268163,1,0.98133700506963,0.976967800496271,0.7483605598747994,0.8649162240398819,0.831460801401629
3126802,1710.0000000000018,0.32982456140350824,0.9639026550247775,0.8086827448911824,0.8007079798311806,0.7721991672815723,0.5578871400618587,0.5831922683721033
3132206,4055.999999999858,0.7549309664694273,0.9987974160148059,0.97571472324572,0.9765476689531332,0.7413534665396849,0.7966301475739499,0.7652234184875808
3136553,1302.0000000000039,0.37019969278033765,0.9796907187258518,0.8701385359370765,0.8268363658047813,0.42500572510594,0.3392798843713592,0.42437600717874946
3145109,4975.0000000001055,0.5943718592964824,0.9977483124171991,0.9175824903898491,0.9190846846571198,0.6982503516124444,0.4737856943181635,0.5520965881658383
3145356,3026.000000000002,0.45439524124256453,0.8347792990428216,0.7336136871416852,0.6852529508964886,0.5985188496585836,0.4885169868600477,0.5509266297909413
3157252,2376.9999999998167,0.5305006310475404,0.9975156835523125,0.94125863614977,0.869833569908856,0.6742319214384574,0.38568041416479637,0.40435011380964697
3160207,1075.0000000000014,0.3199999999999997,0.9274512335437627,0.8132084080843791,0.72458666066143,0.6989317056073645,0.4049937813110953,0.38624055779992783
3161502,3259.0000000000086,0.7226142988646826,0.9922799443510095,0.9588586350057711,0.9181219916058425,0.7398631238643125,0.7236450400080747,0.7087622066841269
3162906,8410.00000000055,0.9495838287752681,0.9987374721533626,0.9878802977729859,0.9833396764562866,0.766389095590384,0.8917673000606506,0.9210333524266505
3502002,1393.0000000000111,0.8047379755922472,0.9979005366205514,0.9639883748042941,0.9806214617489462,0.6600306859431508,0.7748294116503808,0.7996207781121528
3534104,1936.000000000004,0.9328512396694212,1,0.9869593867187476,0.9970487302054465,0.6891681157113522,0.9369418711805061,0.9145232448920939
3544400,866.0000000000018,0.5750577367205543,1,0.9575991073525122,0.982004471678175,0.7950552978612871,0.7770092804276918,0.8645813170424689
3554201,1415.0000000000007,0.6494699646643112,0.9956641090266651,0.9347511298914614,0.9597963378623354,0.539262625702688,0.6262090242968646,0.6154189724842627
2802502,882.0000000000006,0.6473922902494326,0.9922083532860183,0.953450966339786,0.9471108882324142,0.48084447471443154,0.4013231489871523,0.865807992451192
1100700,3660.0000000000023,0.2781420765027321,0.8491613047004648,0.7433635578621508,0.7780387448050237,0.5690970957154741,0.20994563757676654,0.20307782034780608
5106216,3917.000000000004,0.5744191983660966,0.971122975709119,0.8885052599029699,0.9408016891914338,0.6573297756778275,0.13631635395238595,0.46894761956333475
5107008,5796.000000000079,0.6791856498242331,0.9587524691076413,0.8899661208278344,0.9130252939506447,0.6576235123971043,0.4419049373780463,0.7079547049821648
5107248,1176.000000000001,0.747448979591837,0.9957654035808801,0.8947952089515483,0.959757985507143,0.7824746263956688,0.08206500210893995,0.7341006067234753
5008404,2028.000000000023,0.7214003944773189,0.9971069494446058,0.9533036409489866,0.9688596250520937,0.7755489577503751,0.02121417061054296,0.7088820992690816
2201804,1389.0000000000023,0.4096472282217432,0.9688360000906865,0.8368671792680172,0.9003871532036751,0.5532544254684535,0.29202341679076416,0.9403222895935712
2202851,1327.9999999999206,0.3253012048192777,0.4893605735434967,0.4309180547532919,0.4203891276383054,0,0.2218295041119825,0.3329987112188066
2205953,2212.999999999996,0.8743786714866696,0.9859444887843871,0.895650248145069,0.7476452120571103,0.5416424514088481,0.0014304497362430423,0.002799535749441066
2207306,1080.0000000000032,0.5833333333333324,0.8386618624118306,0.7601792822903836,0.7541289973367149,0.5612622822799483,0.0896438040381838,0.5537040862768334
2207405,1310.0000000000025,0.368702290076336,0.831169614870451,0.7521978809129323,0.7387230427293963,0.0897702927512124,0.1990119883564663,0.634477084258286
2209401,1784,0.6597533632287,0.9675624946338298,0.8935970259544705,0.8699524988769578,0.4477912914680091,0.12427962653996169,0.8296465836807798
2209658,1504.0000000000032,0.30385638297872336,0.67198693308069,0.4862656635087926,0.4721623230837941,0.2422013546083717,0.08958244556016531,0.22092813283733362
2400109,3330.000000000067,0.8267267267267261,0.9986297170207782,0.9697607351748926,0.9194790741241673,0.8361042692721496,0.8432349446069968,0.8925310772359425
2403905,838.0000000000013,0.5704057279236284,0.9968420539067206,0.9369080829284036,0.9305687779647723,0.7584848363640583,0.02277879381192991,0.7536779741232018
2405207,1518.0000000000034,0.7595520421607388,0.9924222095968028,0.9338209892292241,0.9038708453522462,0.8242789038038618,0.4259635527360198,0.7481311143783571
2411601,798.0000000000034,0.36215538847117756,0.9866317066249207,0.9316837030174946,0.9140663257814771,0.648695137824594,0.6822387676473708,0.6694804808255514
2413300,1585.999999999997,0.6015132408575048,0.9960845125276296,0.9437352911201813,0.8128805998753342,0.47600272537994665,0.12900154852494972,0.6057693839780266
2504801,4383.000000000011,0.7711613050422081,0.9989699458729658,0.9521106463064785,0.8979048760106468,0.6484577300751849,0.6079362209690766,0.8396367855332917
2508554,1106.0000000000032,0.45479204339963847,0.9892957233108711,0.9233608846456515,0.8554189536887387,0.7525830913231589,0.3778932061039446,0.6584383187804443
2513208,1906.0000000000043,0.47061909758656856,0.9960952853843182,0.9576358398500843,0.9441358754178755,0.8376782541810844,0.31974667864529627,0.7275338961971425
1501576,3873.000000000319,0.5140717789827024,0.8220973405296264,0.7238594622818664,0.7404222047416229,0.39816978800097097,0.1623304148293638,0.4675199439637715
1503457,11409.000000000011,0.25585064422824083,0.7854784274918989,0.7098863366127367,0.6581617141324521,0.47297974795613534,0.30824908366633424,0.5681927320701327
2104503,2582.9999999999736,0.6829268292682928,0.9825188794454859,0.92240941286626,0.8698577882774792,0.6903912107502835,0.12449785731384282,0.8383912490183754
2110302,3717.0000000000055,0.41888619854721476,0.9618593321670286,0.8892936274699147,0.8916567760769212,0.43560729444473695,0.09231961359736124,0.6390251341622508
2110658,1685.999999999959,0.7040332147093723,0.9635264813689836,0.8652491227132952,0.7848645993348635,0.4388511979807405,0.013493987062709795,0.5412620405371508
2604304,2758.0000000000005,0.621464829586657,0.9939289014534314,0.9269184593871497,0.7667722220775218,0.6330939175507658,0.6290058037656447,0.6248939188429663
2604403,3470.0000000000027,0.7853025936599417,0.9946517055837868,0.9459840174543507,0.8984657396033059,0.7162902827816481,0.16437944948561925,0.6619452771249551
2605301,8191.000000000002,0.5404712489317545,0.976489053350786,0.9024355691549222,0.7470794852324001,0.6087096581623964,0.2092480876063587,0.40276798570199185
2606309,1797.000000000002,0.47857540345019534,0.9638370692515239,0.8975642339614521,0.7767162541312458,0.7866606761851521,0.33240020830598893,0.5520913147655168
2609105,3597.000000000013,0.6655546288573813,0.9925268244451402,0.9369541075848975,0.8284964268254158,0.7518915259126967,0.22313557429182446,0.6752330226156469
2610905,18996.000000000702,0.7495788587071004,0.9918800909781135,0.9382748698100272,0.7986520869312836,0.7475326954937108,0.6875774261907108,0.6761062447376711
2614105,9754.999999999978,0.5816847229246069,0.9946071990394635,0.9378520973012069,0.8787955216601885,0.7206331889606887,0.6880505239716904,0.573579668232509
2614808,5738,0.43325200418264276,0.9833788424106682,0.8894256488354466,0.7815519594167346,0.24136439333102797,0.23795646186507352,0.3757072648090326
5202809,857.0000000000024,0.7607934655775965,0.992824832266888,0.9429399179417688,0.9618604476629932,0.5631806196993596,0.2994932650857831,0.7803714206884189
5207535,2406.0000000000005,0.5498753117206975,0.94876449323691,0.8838695667852382,0.9200276492592304,0.5308513801637262,0.10950453311055332,0.4989414664752804
5216452,942.0000000000027,0.6390658174097662,0.9610377283649982,0.863612159639204,0.8995418461507761,0.7295432867785652,0.21587983695076277,0.5854230014478977
2303907,3216.000000000009,0.7400497512437806,0.9702698375926724,0.8631221320697713,0.7398759309614218,0.6291741785017505,0.09746017386927593,0.6773985584994736
2306207,2307.0000000000045,0.5730385782401387,0.989654120902579,0.9466583496697614,0.8940933847865242,0.7078240987947724,0.02679268231473894,0.6060939652779952
2310605,2302.0000000000036,0.7940920938314505,0.9951540965638247,0.9126043623485735,0.7786578363260654,0.6554742864386832,0.5937788211633787,0.7425217634808247
2311231,1714.0000000000048,0.45799299883313815,0.9874053943460058,0.9252404461772797,0.9065788672257656,0.5251506309310221,0.010423963597817325,0.43723393598240956
2313757,4790.000000000007,0.5993736951983301,0.9829033462835087,0.9028383430182605,0.732420412445549,0.5640604368621988,0.07390178459243005,0.7728670300791354
4202131,1775.0000000000039,0.14647887323943648,0.9948964948679789,0.922983885276258,0.9225159596323721,0.5367674481693765,0.2819925419396703,0.10810498052945809
4204103,1419.000000000003,0.5123326286116993,0.9864564789189245,0.9282800007513454,0.9711135821814332,0.5022118202933019,0.14334530562205994,0.4999589854812612
4207601,1599.0000000000343,0.5590994371482171,0.9979957332617724,0.9709207893808175,0.9959704428779839,0.7192371000238185,0.6259714048496892,0.6798238716973471
4207684,1880.0000000000075,0.23882978723404247,0.9330655680377009,0.8420318462313092,0.8497578738453355,0.5606936134448011,0.1104659767563288,0.34698840655570873
4208955,537.0000000000018,0.4878957169459963,0.9977297546303331,0.954342024177555,0.9739116641510577,0.5513058825783839,0.2167331048686756,0.5850873625668418
4212239,1277.0000000000034,0.3923257635082221,0.9904839175503528,0.9198631496197142,0.9730608167533559,0.6270588379739891,0.1216801430033846,0.4178686518329735
4215356,1174.000000000076,0.3407155025553627,0.9895299872285743,0.8637778643567515,0.9294362900740449,0.6964940610656906,0.3318998270860436,0.481312906886101
4219101,1057.0000000000025,0.54399243140965,0.989529935920327,0.9513153846167535,0.9736713929274368,0.6085627133796548,0.5146943658524199,0.5302865966279838
4102752,1261.0000000000007,0.2799365582870743,0.9924130128457479,0.8678467539828866,0.9655594921909605,0.5376018911815816,0.025829244616718317,0.5212287872843862
4109203,1733.999999999811,0.8223760092272179,0.9982954641341334,0.9582390588421555,0.9936574362518091,0.6396911123326754,0.055900696826971505,0.8248725456885905
4110201,3132.0000000000027,0.5772669220945081,0.8659095341404751,0.7999112683127714,0.7789302507357265,0.7291030673598041,0.28560944500904367,0.6409161535286731
4115507,1513.0000000000036,0.7184401850627888,0.997835611961796,0.9264550633782144,0.984004232569252,0.7904202385516842,0.003243808813299861,0.8297253459396698
4123006,4083.0000000000023,0.537594905706589,0.9926857698209175,0.95878122192291,0.9856902428784406,0.8385070695882634,0.3470044725065668,0.6065620804432295
4127205,5084.9999999998045,0.8315518201792591,0.9990879257890886,0.9422337905917604,0.9911861094208588,0.8598566382699518,0.3157008617583355,0.911800374113419
4128807,2012.0000000004209,0.3354870775347918,0.9986960735899509,0.947054834929809,0.9929185912925842,0.6837215445941067,0.1218090592620563,0.6776785196696269
2901304,3783.0000000000105,0.5899286940604376,0.8977436987478531,0.8014182874404752,0.6149294382163017,0.7624726174315147,0.18177708320126468,0.6503522743148226
2902658,3041.000000000001,0.38901677079907926,0.9817056131081194,0.9073334974599936,0.7939046257680953,0.41052452011902,0.1748700554128716,0.9750691831383809
2904803,2942.999999999997,0.45871559633027503,0.8890259171820271,0.8142139335510619,0.7061680728113836,0.7582602910282902,0.5952769689525192,0.644703628911206
2908705,4698.999999999997,0.46329006171525844,0.9316890960016414,0.8200264999667991,0.7242219148815682,0.6442052116649046,0.10268921635549509,0.6220186184772779
2910305,2567.9999999999977,0.42718068535825665,0.9804305158398184,0.885483713954255,0.8500915259725498,0.7411671083621306,0.004798375760736446,0.7825612116183469
2910776,1749.000000000005,0.5357347055460265,0.8067898882859507,0.6694176598096236,0.6366109133588576,0.5885397913704928,0.030572897978088952,0.5702975895826564
2918209,3992,0.42710420841683366,0.9601480216973624,0.8626372604505095,0.7971669849697659,0.6539615511379256,0.3359656756534414,0.4168632739790564
2918555,2008.0000000000045,0.7490039840637439,0.9597047719616614,0.843131870283033,0.7406189034192301,0.68341076390241,0.7066010852708504,0.8521709936123347
2919009,1119.0000000000036,0.3172475424486151,0.721485499880601,0.6163668398517432,0.49091646520807736,0.14232183192770548,0.32439896737035995,0.5222410341256863
2919926,5189.999999999962,0.9722543352601144,0.9957762511343572,0.9698982139191041,0.9424253136210475,0.8125481859570649,0.9274174745192345,0.9939474188648266
2919959,1984.0000000000032,0.42489919354838673,0.8831624278424,0.7933451581975194,0.6268101486957767,0.8253019199858151,0.32798854094902125,0.531434052240647
2920205,3898.999999999997,0.4144652474993588,0.9100037073356891,0.7488295640210287,0.6795990259671318,0.5444154172601217,0.17824929060110803,0.6447555467802122
2925600,4064.0000000000027,0.657726377952756,0.9816878142854027,0.9280230261364003,0.7866547935280785,0.7561696276687093,0.0668654588533748,0.9495986759786652
4300307,2478.000000000011,0.3272800645682003,0.9895181932487203,0.9235109874444979,0.9571585768742723,0.5791621482746991,0.1403874857170784,0.7822743862757746
4300505,2692.0000000000023,0.2968053491827635,0.9952307597864479,0.9285592396060218,0.9878386066135303,0.751839655825205,0.20971174879544735,0.39608883607840534
4300570,1001.000000000001,0.300699300699301,1,0.9784481530735871,0.9927000835326029,0.5117474029286496,0.7421077025422179,0.6072399013677497
4301651,1851.0000000000027,0.5299837925445701,0.9982846044603355,0.9870988457246042,0.9982846044603355,0.6412969217771102,0.3362272458438665,0.7464661075691871
4301958,721.0000000000016,0.6638927415626447,1,0.9857078919715971,0.9964792307481216,0.6399591772205941,0.39974669969460486,0.9110492817898421
4302006,3630.000000000007,0.3429752066115686,0.9873049900736293,0.9245022950881753,0.9234797057145092,0.710698549491868,0.32940362132625084,0.3461962972870306
4302600,1224.0000000000018,0.6151960784313723,0.9907177814419279,0.7814438267589625,0.92872331600413,0.7648684149411044,0.08278954739713994,0.6860436356058305
4302659,1693.9999999999916,0.5082644628099175,0.994445508055725,0.9655305147545654,0.9772098665296655,0.6003399406127896,0.33792480911531486,0.8610550369431771
4303202,1453.0000000000023,0.3812801101169999,0.9567478932108231,0.9116728472294662,0.9312262206045991,0.5733658721394522,0.4900904497275651,0.6566792996745583
4304622,613.0000000000025,0.2903752039151713,0.997132290358274,0.9083527482810039,0.9697190311369513,0.5387927447585693,0.15235225938063726,0.3410770189966754
4306056,2355.0000000000005,0.5813163481953304,0.977201729233763,0.9261514271069448,0.9476650382699987,0.61047773949903406,0.8392903678051064,0.6538284085998286
4306429,714.0000000000008,0.5266106442577045,0.9918805747375701,0.8021214874346895,0.9430575302348733,0.77291999671726,0.08983701567648868,0.8078115111042455
4307500,5258.99999999996,0.7425760753470085,0.9921470795559372,0.9742972000360843,0.9801673879077754,0.7462757190411193,0.5618641355431095,0.8483449649669478
4308656,1091.0000000000032,0.3363886342804762,0.997837156331862,0.809854148163982,0.8997660400354393,0.8186515710291032,0.05788363004640892,0.8990290931009669
4309159,1217.0000000000043,0.15365653245686126,1,0.9393391513872191,0.939614647817265,0.5261806403429323,0.15227250187032662,0.32206573067739797
4309506,2737.999999999946,0.6391480686164115,0.9932574591768569,0.9288155601582706,0.9700820939583168,0.7010357253014062,0.047749387213383246,0.9684067329743595
4311759,2513.000000000012,0.7624353362514914,0.9954432789720604,0.9441341404116043,0.9383997859057406,0.7139428575781335,0.14929834084559493,0.7967896605855174
4311775,2332.000000000003,0.30917667238421953,0.9915878386224954,0.9457567452376933,0.9686858902579984,0.5515568531524054,0.714902736494144,0.4438914305880561
4312351,469.0000000000017,0.46055437100213203,1,1,0.9948915348981074,0.7741416445637932,0.3339149314063801,0.9381518332994956
4312708,3997.000000000011,0.7820865649236918,0.9916271269291799,0.9185431910238834,0.9659976958238804,0.8127286428776548,0.2609502154666272,0.8690289593030238
4313334,849.0000000000033,0.3062426383981152,1,0.9632198994701998,0.9670215882407792,0.6108710587072163,0.04397572002630039,0.7731038294483562
4313607,1365.0000000000007,0.5538461538461538,0.9977207295789723,0.9747167226395292,0.9930567043280837,0.5966873056295174,0.39018080829227253,0.8478864046887522
4315156,2015.0000000000005,0.3310173697270479,0.9986924374107535,0.9355251675376746,0.9497540719044028,0.5615180817632309,0.2403782455892027,0.49796756286953064
4315552,1182.000000000002,0.21489001692047344,0.9917684308011826,0.9070215186958593,0.956110446877567,0.5689488257350638,0.03957964026649797,0.3761130261291124
4317707,3854.000000000003,0.6071613907628444,0.9831676517562328,0.8933977163061516,0.93431252728026,0.8051956164444419,0.10243898309759851,0.7641528008265237
4317905,4919.000000000071,0.5612438842539847,1,0.9689626256650887,0.9900344846254956,0.7813331824030775,0.37482844751078,0.889164955584157
4319356,1056.0000000000039,0.44696969696969724,1,0.9707230758023935,0.995513593124652,0.6916644218182404,0.5268495431727127,0.8385331825987379
4321303,9464.999999999998,0.8304278922345483,1,0.9698178404102465,0.9827253188054648,0.7695847133293139,0.765506740153062,0.8693410638167741
4323200,1060.0000000000143,0.45283018867924607,1,0.9947426900862988,1,0.5409497292590187,0.2541168208711595,0.920365037488851
3304003,8072.9999999999445,0.7948717948717945,0.9966017364440463,0.9773662302891988,0.9760243941825757,0.7548462277714669,0.82296809674918,0.8392431673762117
3119906,1299.000000000002,0.5311778290993069,1,0.9546093174137347,0.8948508645170977,0.7400638559862897,0.4475270462042785,0.5274058241732716
3123502,672.0000000000023,0.6622023809523803,1,0.96534241927893,0.9806791534215951,0.7823610238644731,0.6660772680875406,0.689338307403511
3124609,827.0000000000026,0.7388149939540507,0.9884771849080738,0.9405312002759747,0.9559696592015663,0.8000590403995438,0.7179333902625158,0.7149592297119065
3126307,1391.0000000000034,0.7239300176376142,0.9932960970690713,0.9604890198859466,0.9736558895133753,0.6479457554558137,0.7440005398737687,0.7369563075314665
3136306,13836.999999999764,0.7964876779648734,0.9739840470184755,0.9279852287432668,0.9464322986662138,0.7589011334412489,0.8187781277330543,0.8176866834843767
3145455,1483.0000000000018,0.5428186109238035,0.9685740714645811,0.8488789247783695,0.8799175444848704,0.8078739533868018,0.15453315463122833,0.5959089034336172
3146750,2079.0000000000045,0.6402116402116401,0.9314874612570643,0.8182629139213471,0.7010807339619202,0.4737138358462088,0.43462814432105384,0.7230243803541043
3148608,4942.9999999999745,0.5650414727898033,0.9148041961243358,0.8129555745517216,0.720396139702885,0.6271502105237601,0.39356405718607157,0.5623302276027109
3152907,3108.999999999899,0.8912833708587973,0.9963232880516503,0.9669986096423746,0.9708918773815344,0.7270006126357554,0.8917985657730223,0.8804832028514883
3155108,1553.0000000000023,0.542820347714101,0.9713574748711298,0.910169037178718,0.801990540176438,0.5796964976448867,0.6132344726703242,0.694284685032453
3157377,1284.0000000000027,0.286604361370717,0.8998168384897225,0.7361027661135685,0.7387770195060838,0.8021592931078279,0.37996753966087005,0.5548390212928663
3166006,1647.9999999999961,0.5995145631067954,0.9984619106565396,0.9629019319710442,0.8649668591391729,0.6377435589333221,0.6703169231157032,0.7367451868925813
3512506,1701.0000000000057,0.8171663727219266,0.9981229564295896,0.981929868626951,0.9907943700357277,0.7451828833067515,0.8340353667326404,0.8186690341017419
1200336,3603.0000000000064,0.6042187066333604,0.8724419915444176,0.7763631403774622,0.8149423078269467,0.6890825814363676,0.07659609679496486,0.5254502171583412
2802205,1491.9999999999998,0.6816353887399478,0.989151015010665,0.9201088552631259,0.8683404954569779,0.6488925069504772,0.256069408835194,0.8926890156231128
1101757,2810.0000000000095,0.3590747330960848,0.8951791360009124,0.7509266996897135,0.7770995257763735,0.67763518268852585,0.0017303173499634494,0.13871364459029792
5103106,1789.000000000002,0.629784895784151,0.9589408499608049,0.8772196221430942,0.8605195752650839,0.47088117046066136,0.01938755281674205,0.3683896366676733
5107776,2047.9999999999895,0.43603515625000133,0.9692780942286655,0.820609347784152,0.8076964094316764,0.6609658437540166,0.5736319758295967,0.4278617331879887
5108105,1163.000000000002,0.6723989681857275,0.891265034688916,0.7975493474069314,0.766537863098474,0.16279574663409588,0.09757112301705342,0.6788440316315052
5002951,6185.999999999994,0.848643976949256,0.9983379258234051,0.9677881552791351,0.9634968550634062,0.7822398900574176,0.46576817775780976,0.8289461789734653
5004601,5755.00000000021,0.41650738488271044,0.9579885065051277,0.8937729210105019,0.9282387655149281,0.7159933408071244,0.021114187591993072,0.5810952280282606
5005103,1337.9999999999793,0.4745889387144992,1,0.9250850353979678,0.9535715874478015,0.8356753792049563,0.2565308090272182,0.5381644693873737
5006606,22665.000000000724,0.7996470328700599,0.9901039636275789,0.932758043895839,0.9166749528420023,0.7704387771089204,0.21955653491206933,0.7327061201660148
5007950,2792.000000000022,0.41905444126074115,0.8518734295259442,0.6885702001837276,0.6953876493985687,0.8697566444588253,0.09623693530314822,0.6388340858308942
3204500,3829.0000000000127,0.2436346118638665,0.998664795327582,0.9570585982478639,0.9707489312504013,0.6019101293833795,0.23992805534167883,0.27778915281367483
2200251,2278.0000000000036,0.38849868305531143,0.8634397728370811,0.7450523816719805,0.6816455504581576,0.3738554730593855,0.11382167156010255,0.4445432544236252
2200301,3965.0000000000014,0.5104665825977303,0.8447521603262862,0.7264230278095016,0.7369924899324658,0.24480867688358815,0.06939501714317134,0.5991433829469147
2201556,938.0000000000011,0.3720682302771861,0.7507665659914318,0.5501201627497303,0.6343352987844214,0.29486424832090274,0.4672689711236063,0.9187029830038078
2202174,1686.0000000000023,0.22479240806642967,0.943820853783638,0.7421100571076675,0.6933145631347624,0.38254539191975345,0.0270921807972832,0.5216212845279311
2202455,1147.000000000005,0.31211857018308714,0.4622416393879862,0.42581636160581265,0.35649288357643866,0.30009803360418624,0.0948849793524614,0.3330201140297755
2202711,1329.0000000000016,0.6102332580887885,0.9361027384814041,0.8726627168119578,0.8201909439954641,0.732426869119561,0.4880035489162054,0.7207996428893665
2202729,1559.0000000000032,0.3450930083386773,0.9251845457738929,0.8141938817193557,0.7884184775187091,0.42051637761302996,0.20480815084660658,0.396773545594243
2204600,1080.000000000001,0.8222222222222223,0.9609755639668727,0.9114446754803003,0.8783726003017994,0.46459935288133,0.4747049537438492,0.8124865454178172
2205359,817.0000000000019,0.24724602203182378,0.8945086511689089,0.7698485663510594,0.7435901291603725,0.14034714690082736,0.21446639631749462,0.24122503614775934
2205516,1239.9999999999982,0.3314516129032273,0.8317891491661661,0.7568856462591816,0.7137135850325522,0.440433852924177,0.3367679086985964,0.6388963785963735
2205581,1065.000000000002,0.4460093896713611,0.9080682909247975,0.8412830344373294,0.7838580415854242,0.5519307718223168,0.001456061720083228,0.445242734418164
2208502,2791.000000000004,0.6571121461841632,0.8808565058432082,0.7827426583673367,0.7014061817638269,0.7122122907467139,0.5842183129643957,0.6324025170961354
2209005,1865.000000000007,0.6670241286863259,0.8859797804132783,0.8108083781847986,0.7560966409962849,0.5433382435520574,0.9065191927748267,0.6327690075282956
2209955,1268.0000000000034,0.3067823343848578,0.9525322955231302,0.8069242223346768,0.7990375841507577,0.47121706658155055,0.3146670614768323,0.3476865389869734
2410009,960.0000000000016,0.7437499999999998,0.9912557802166122,0.9643589563429977,0.9367348199497525,0.8007395508426974,0.24202666793359356,0.852095612071117
2412401,1249.0000000000073,0.7910328262610095,0.9966274904694633,0.9599449526385213,0.9566344924353597,0.8379727501116446,0.662999701967222,0.7991415089799944
2500734,636.0000000000022,0.534591194968554,0.995551538770009,0.9581341321445646,0.8900339451443678,0.7248521468903057,0.1006255188065624,0.5288876662802195
2504157,1948.0000000000082,0.5154004106776181,0.9646532718394618,0.8952472918923431,0.6893196755726827,0.6958905563593604,0.4279926882141151,0.48200954793970857
2504306,8316.000000000004,0.750120250120251,0.9944491381412263,0.9567859954011175,0.9493443067671574,0.7975719782274074,0.4241020518590464,0.755148572339289
2509156,1753.9999999999952,0.8842645381984049,0.9902023688637118,0.9471374901768247,0.9200344597317358,0.7636824972861078,0.18895802367337497,0.8992859115817857
2514453,1530.0000000000027,0.4431372549019617,0.9916313239017436,0.9304690306918955,0.8432091561514173,0.639083220677816,0.05022944684752911,0.30948114816184835
1503077,5827.000000000001,0.3777243864767461,0.8230308512960652,0.7129445259368414,0.5921175796031457,0.31533951146200156,0.008123223213905658,0.2524962865114913
1507508,3270.000000000021,0.1938837920489302,0.872798195359758,0.7241686738442031,0.7007697100775975,0.07682383261122727,0.15205917238232602,0.3429708462222446
2105948,2063.0000000000036,0.6466311197285509,0.9906315367774762,0.9355257634281564,0.9467353304172565,0.3353133328931872,0.0149816710538655,0.635231276417016
2106003,3190.9999999999995,0.6195549984330949,0.9604103743352856,0.8982561270276019,0.8771732873146955,0.6057205790685288,0.09228305778987471,0.7585544595826353
2107456,3264,0.4577205882352932,0.9792270689911028,0.8315557474389523,0.8007183525348656,0.271485979198785,0.11230077632322737,0.5101037944524698
2111789,2740.0000000000014,0.40437956204379566,0.8460498549852858,0.6668566318536249,0.5397232240662276,0.4005253584838307,0.0068702700362848765,0.563631431431677
2604155,3642.000000000002,0.13152114222954422,0.9877694002425292,0.9210169476185599,0.8228050833078299,0.6335416851234801,0.1398074375549977,0.18719198380963237
2604700,4397.000000000014,0.59426881964976,0.992828360271961,0.9033018916216997,0.7994831888978099,0.712947658477814,0.5256944421393202,0.6272347190108225
2605400,6239.999999999981,0.8141025641025644,0.9943448230816099,0.9396112436567805,0.8475911318065829,0.6810401238030283,0.2181425347761675,0.6293919455349715
2609154,4146.999999999994,0.244996382927418,0.9800298761656371,0.8360625222675845,0.5696651076462269,0.3700049696096764,0.05715251469320601,0.24169366495521757
2610202,7298.000000000013,0.5778295423403663,0.9846296386685341,0.9048263669066031,0.7668108692275777,0.6705700130896354,0.6751013969175874,0.53848008083192
5203500,6647.000000000057,0.9282383029938239,1,0.9371223322678487,0.9486122389729895,0.736808742802397,0.30841411767062704,0.7023506905188954
5205703,956,0.6255230125523015,0.9930834175874832,0.9449247838659809,0.9776612277881158,0.654884051920785,0.15820159497965974,0.6239975717357205
5206701,1062.0000000000014,0.5790960451977406,0.9662949430518087,0.8644647018493479,0.8717566373465294,0.5250463975664109,0.1138952431757395,0.7363340121577268
5213905,1757.000000000006,0.6579396698918608,0.9889545448864786,0.9448360128666787,0.9617673843999545,0.7705030130603984,0.0931997598031708,0.7219734534924956
5221502,1751.0000000000016,0.8081389719211818,0.9979582603151137,0.960849003559471,0.9724007866407534,0.8416120402351361,0.21233608501818213,0.8157161504826577
2301307,5570.000000000003,0.6418312387791748,0.9777299712216604,0.8912446384891602,0.6710000809754073,0.5885242873091436,0.19013071208524898,0.6351163583313696
2302057,3706.999999999997,0.7013757755597532,0.9743783531132835,0.8441487527730865,0.7834634187607696,0.6234692031215702,0.25216803007798116,0.6609103017006934
2303956,5491.000000000223,0.6142779093061341,0.9890525308829275,0.898339689291878,0.832601011810998,0.5257288085899259,0.05393931774461653,0.5124848399614675
2304509,3761.000000000119,0.5982451475671354,0.980109063574253,0.9207353769785044,0.8221963832996125,0.8130634987406972,0.1434304095441223,0.6361589504908831
2305332,3230.9999999999995,0.5190343546889494,0.9823373901067216,0.9079979625336198,0.8866983387893329,0.6618952830742441,0.17654935771923988,0.7650556595510345
2306009,3997.99999999998,0.7288644322161091,0.995433832253806,0.9254589629045367,0.921040792483574,0.7725155862068933,0.24789747571992937,0.8106590105398528
2308609,4780.000000000071,0.5964435146443494,0.9613756359906279,0.9245556001796872,0.7852457004568398,0.5256130111118593,0.06576779776643363,0.686056471006695
2310308,9011.000000000016,0.47819331927643854,0.9688164980339702,0.8765471638771658,0.8397598015462937,0.5159156544719731,0.44190558238313155,0.5723198959508125
2311603,7450.000000000059,0.5830872483221468,0.9989053205753888,0.9309425650658324,0.8282391436942109,0.47574701685324683,0.1746742714042201,0.6639520748765948
2312502,2586.000000000005,0.41569992266047906,0.9946746946805491,0.9298466646603052,0.9469108159954809,0.6141664023844984,0.2670588410143932,0.944421419766798
2312908,51210.9999999996,0.8875436917849671,0.9939528498637857,0.9614877673397358,0.9089220275322633,0.7853712461298727,0.7915944185076341,0.9391947836755814
2313955,4899.999999999993,0.8283673469387757,0.9900354100600465,0.9270024444093177,0.8696660292453701,0.808803374095046,0.26012123865166203,0.8454074866972894
4200754,678.0000000000014,0.3230088495575217,0.9969741527993983,0.9770093674697405,0.9896917811437008,0.7082140109155527,0.3677204600242845,0.5561608510699134
4201505,2461.000000000001,0.6424217797643239,1,0.9772701326982233,0.9970131656797904,0.8756112070987739,0.80373965996762,0.4777058004284454
4217501,5467.000000000043,0.7117248948234857,0.9963280234663038,0.9625024227824933,0.9948218891726082,0.6965727854884857,0.6946466144327611,0.6902661579256613
4107157,1554.000000000005,0.5371643918504959,0.9757616689174096,0.8629967147556055,0.9135981653240139,0.5943401051808908,0.087037305549428845,0.7093119667595023
4116802,2353.000000000006,0.569060773480663,0.989123447258072,0.905734562893774,0.9431269748364227,0.6736610165987739,0.12611756353599454,0.5713853423482399
4121802,3471.000000000003,0.6960530106597518,0.9984399607955237,0.9530571689352894,0.9799065577544612,0.7509296257404481,0.8325324280821425,0.7380712145837722
4126272,1478.0000000000016,0.5209742895805154,0.9953932833438257,0.9174072021032071,0.9688394634112674,0.7436340247652302,0.01548830222849779,0.7033124323975684
2900603,1376.0000000000048,0.5712209302325579,0.9633005048353402,0.8893273371867845,0.723386988556822,0.7522604562539894,0.686176263596786,0.5823195687783083
2903276,3880.000000000021,0.41623711340206104,0.9942374973623186,0.9103689346183551,0.8196509948994636,0.8541827966355227,0.3021849870566593,0.7394929210140655
2904050,3966.000000000005,0.43116490166414545,0.9617978450333227,0.847740036763068,0.5968451338034437,0.616378412683602,0.06738045512302972,0.8708573233366719
2909505,1468.999999999998,0.6364874063989099,0.9473565980481136,0.850010398146734,0.6604774318778656,0.6206795884272476,0.6934738000777655,0.7526846268406825
2909604,6025.999999999965,0.45635579156986505,0.9608645069307356,0.8233206466089704,0.6951098072308757,0.7991990051073835,0.0786911072205764,0.745696146844084
2911006,3038.000000000002,0.6981566820276489,0.9605747194215024,0.8882269562145344,0.7661185714624061,0.7251845309118744,0.7658782306767561,0.8206924581828365
2912301,4834.999999999964,0.7509134781109956,0.9324110864747528,0.8695879249330286,0.7486268602808813,0.7013798776796225,0.6705093201776748,0.6940098655357527
2913002,4224.999999999617,0.25183431952663016,0.9406274340625695,0.8021038631476214,0.6893165236904367,0.42761944765646365,0.21400550956809036,0.6555789441212552
2913408,3974.9999999999995,0.5401257861635234,0.9671368368602202,0.8855950618774869,0.8159571368924126,0.5979594720074801,0.25063431409259457,0.6550313004550418
2921450,2788.0000000000014,0.1911764705882354,0.9588953071576966,0.8552475839355741,0.6744744744951963,0.5984242112283541,0.34705016551832985,0.246341765575699
2923308,2425.000000000003,0.34721649484536077,0.9677175759336194,0.8367497347715098,0.7297805702835172,0.686968279092794,0.17295307941980856,0.9001737918949141
2923704,7222.999999999988,0.3929115326041806,0.937000579762926,0.832685295652932,0.7435747973122669,0.7439210394810764,0.05117560467439799,0.6186268269498172
2924652,2879.0000000000014,0.5800625217089277,0.8505434011544224,0.7548141691008861,0.717870622007834,0.8011469965167135,0.6383794372380186,0.5641904992370033
2925808,7038.999999999906,0.5343088506890197,0.8915508887651153,0.8129703508661996,0.6763405589850972,0.7659463407057695,0.46547674412149714,0.6105685268736126
2926202,5926.000000000003,0.4902126223422206,0.8912931233996619,0.7938544009745978,0.7559909814163353,0.3148766120437821,0.10408270216573103,0.5856953249451848
2933406,2470.0000000000005,0.7396761133603245,0.95339851591961855,0.8516459721084254,0.7267116830462163,0.70282945953693865,0.018554131249545632,0.8297132735961316
2933604,11652.000000000358,0.7266563680055006,0.9515314453173528,0.8497750790907553,0.7126641539763406,0.8407342005281708,0.4629063979906812,0.8318988556350045
4302584,703.0000000000017,0.28733997155049745,0.9985775248933144,0.9838253229971309,0.9798899617712763,0.4596377924578058,0.48736976187394604,0.7708071057681996
4304697,856.0000000000011,0.4240654205607474,1,0.9590744036971852,0.9969147875375218,0.5952127682983598,0.10373816510742716,0.8663836751393135
4305157,790.000000000003,0.3696202531645569,0.9915503079699849,0.8271055591976747,0.9482286993374446,0.813287293496021,0.26046377963654527,0.9321386011271702
4305447,1508.0000000000055,0.060344827586206885,0.9979872879339781,0.9438990056815642,0.961295194282302,0.3162442587187258,0.2407863033942124,0.051206879934346534
4305900,2633.999999999857,0.668185269552012,0.9861002644710303,0.9081097348827893,0.9406859730391868,0.7960401861067823,0.033522294728255804,0.7073078497596612
4307054,1086.000000000001,0.555248618784531,0.9981260591330882,0.9678675462696766,0.9909153436711196,0.6149004281351131,0.21893078681207195,0.8444477921074488
4307708,26654.999999999967,0.99885775715455,0.9996420831737304,0.9875921083929827,0.9895082449696032,0.755138985151647,0.9222907089626347,0.9318211504724774
4308300,3406.999999999698,0.40945113002642014,0.9851154072737686,0.8897617500769951,0.9371023343363384,0.5227507994603644,0.022648323477776598,0.5327979211304479
4309126,724.0000000000003,0.2651933701657464,0.9922263799809554,0.9135494200443481,0.9418482220341075,0.7143686506620895,0.6726915239771716,0.874606349922573
4310462,649.0000000000014,0.37596302003081744,1,0.9975851500428007,0.9967197261947746,0.6299262572622718,0.7321282576444111,0.6145960786035575
4310751,699.0000000000007,0.3632997423370875,0.9974545265186803,0.9682760744039683,0.9786924584029486,0.6126683671389784,0.7624054564336495,0.5810415003413172
4311122,1375.0000000000027,0.5658181818181804,0.9814758076483372,0.9167470259842025,0.9448183428007194,0.6400679317897808,0.392906463739853,0.5869472904826065
4311502,2665.0000000000036,0.6318949343339594,0.9950015010293395,0.9452913293779328,0.9562777534620364,0.6336404217672728,0.6678883324753854,0.8296930105235988
4311908,1812,0.5629139072847691,1,0.9528739194873878,0.986567483502358,0.6687005887084951,0.6576155641759456,0.6400481503043717
4312625,544,0.33823529411764636,0.9928936668280802,0.930317533989006,0.985169843022211,0.5746636635649399,0.44161613720999227,0.73250881990965655
4313037,1591.0000000000086,0.768070395977373,1,0.9655312007839396,0.98843063946963,0.8003438887896196,0.16657972154473524,0.9214067739336401
4313102,1906.9999999999854,0.5254326166754072,0.9938300397704368,0.9580200113380732,0.9759644072245114,0.6714412179406442,0.6027251432786721,0.6518344458436279
4314035,1181.9999999999986,0.28764805414551614,1,0.9896099798544441,0.9956706483974577,0.58992229561564,0.9540997969465912,0.5321840700196095
4316956,2036.0000000000066,0.7259332023575652,0.9983636534325232,0.9835352629838985,0.9987013026974315,0.5449150906984583,0.6571554648325086,0.47991479277515686
4318499,755.0000000000026,0.4052980132450322,0.9975278835156454,0.9675800042303713,0.9901110477481639,0.7441251294073519,0.7158062975509614,0.9747905937766669
4318614,700.0000000000022,0.3514285714285718,1,0.9922758631111388,0.9880384701271939,0.44755997717345053,0.7968893749795706,0.6530829126038131
4318903,12107.999999999916,0.8825624292348048,0.9952391033091539,0.9274182100847956,0.9789912844590744,0.795642064687598,0.6072925796988419,0.9296990233421862
4321469,927.0000000000026,0.44875943905070054,1,0.9814915635532471,1,0.5619487058147516,0.12877520528261954,0.8190698381981418
4321626,773.0000000000027,0.3842173350582145,0.996074075675083,0.9843101785992491,0.9940528470096585,0.45157419740503274,0.0810108542111552,0.8501831730431861
4322558,637.000000000002,0.5384615384615373,1,0.9852821518298466,0.9958343185780146,0.6152104069853835,0.744634005332149,0.9840679487250756
3107604,1359.0000000000032,0.7439293598233989,0.9981021831672727,0.9647845016546143,0.9657074373658556,0.6999833235599171,0.7951321996318536,0.7417462093949554
3109501,4347.999999999976,0.5703315993077983,0.9974790057573649,0.9503836896992952,0.9299030938972763,0.693466251991339,0.7045703459430276,0.59829239057997885
3121100,2446.000000000003,0.3945216680294361,0.9842145634189197,0.9552116476136974,0.8784373245752319,0.5934936102292063,0.5551420823121489,0.47038501119566745
3126752,1667.000000000006,0.44211157768446285,0.9532270399492103,0.8278071532034894,0.795988840719458,0.6177429792693249,0.4969437573615561,0.4676224706102356
3143708,1069.0000000000014,0.7418147801683816,0.9588327496497976,0.8577294272005955,0.8400779258842104,0.5999987567192374,0.48700668609312875,0.7375981491661512
3145505,799.0000000000027,0.8760951188986232,0.9951350686571859,0.98451972749803085,0.9459756259434745,0.6974343174020865,0.9355916940097134,0.9509372142591063
3148756,1780.0000000000018,0.2808988764044943,0.9415453234905687,0.7534245116992553,0.7537153231728702,0.5737644840069812,0.32202395339873335,0.32918266453226364
3149002,680.0000000000035,0.6426470588235299,0.9945255034245333,0.9280119338074814,0.9059861374336252,0.5406446515921611,0.75774287062217,0.6466441110281789
3157005,11862.999999999965,0.7787237629604646,0.9797490787556291,0.9188801910473872,0.917138629902785,0.8012580325796018,0.6704167707331025,0.8153386415609838
3163607,795.0000000000015,0.5861635220125782,1,0.963887584052534,0.9331538460076817,0.693774711839526,0.8319584900852892,0.6224759578988358
3164803,518.0000000000024,0.5752895752895751,0.9831538310384501,0.9136248751775461,0.9419864900943802,0.5424003938115098,0.14026562656982308,0.5359344069574119
3166501,1122.000000000003,0.45098039215686275,0.92987791739302,0.724047601191764,0.591591019245076,0.6174770276510906,0.431730521887056,0.48340478662943753
3527504,711.0000000000011,0.8016877637130794,0.9955245986899923,0.9233278452412247,0.9970506512710392,0.831810136882239,0.8297809927131211,0.7648092755420833
3543238,747.0000000000017,0.846050870147256,1,0.9698636382109599,0.9863708196664843,0.7245736052171301,0.8477214495217045,0.8392002805753334
