ano,turno,id_municipio,sigla_partido,id_candidato_bd,resultado,QTD_CANDIDATOS_MUN,FL_SITUACAO,FL_OPOSICAO,PORC_VOTOS,QTD_CANDIDATOS_MUN_1,SOMA_OPOSICAO,SOMA_SITUACAO
2020,1,2311231,PP,1017664,eleito,2,1,0,0.5455445545,2,1,1
2020,1,2311231,PDT,628569,nao eleito,2,0,1,0.4544554455,2,1,1
2020,1,3157377,PDT,1348050,nao eleito,2,0,1,0.338317757,2,1,1
2020,1,3157377,PSL,780343,eleito,2,1,0,0.661682243,2,1,1
2020,1,4207684,PT,582844,eleito,2,0,1,0.5399915362,2,1,1
2020,1,4207684,PSD,1152795,nao eleito,2,1,0,0.4600084638,2,1,1
2020,1,2606309,REPUBLICANOS,1212833,nao eleito,2,1,0,0.4836008374,2,1,1
2020,1,2606309,PT,1765781,eleito,2,0,1,0.5163991626,2,1,1
2020,1,3503356,PV,1162044,eleito,2,0,1,0.5675675676,2,1,1
2020,1,3503356,PSDB,666249,nao eleito,2,1,0,0.4324324324,2,1,1
2020,1,4301651,PP,882671,eleito,2,1,0,0.6309609394,2,1,1
2020,1,4301651,PDT,495787,nao eleito,2,0,1,0.3690390606,2,1,1
2020,1,4311759,PP,894881,nao eleito,2,1,0,0.3831258645,2,1,1
2020,1,4311759,PDT,311125,eleito,2,0,1,0.6168741355,2,1,1
2020,1,2207959,PP,1422332,eleito,2,1,0,0.5711252654,2,1,1
2020,1,2207959,PT,869640,nao eleito,2,0,1,0.4288747346,2,1,1
2020,1,2209708,PP,1382808,eleito,2,1,0,0.5502656314,2,1,1
2020,1,2209708,PT,1091388,nao eleito,2,0,1,0.4497343686,2,1,1
2020,1,2512754,PDT,827884,eleito,2,0,1,0.516075388,2,1,1
2020,1,2512754,PSDB,1425,nao eleito,2,1,0,0.483924612,2,1,1
2020,1,2927804,PT,186948,nao eleito,2,0,1,0.4930117841,2,1,1
2020,1,2927804,PSDB,136366,eleito,2,1,0,0.5069882159,2,1,1
2020,1,3121605,PT,976809,nao eleito,2,0,1,0.2122247376,2,1,1
2020,1,3121605,DEM,123633,eleito,2,1,0,0.7877752624,2,1,1
2020,1,3138104,PDT,710554,eleito,2,0,1,0.5382507422,2,1,1
2020,1,3138104,PSD,928069,nao eleito,2,1,0,0.4617492578,2,1,1
2020,1,3539905,DEM,1101928,eleito,2,1,0,0.5874001775,2,1,1
2020,1,3539905,PSB,1147421,nao eleito,2,0,1,0.4125998225,2,1,1
2020,1,2111789,PT,696836,nao eleito,2,0,1,0.3062433541,2,1,1
2020,1,2111789,PL,277756,eleito,2,1,0,0.6937566459,2,1,1
2020,1,2410009,PT,334369,nao eleito,2,0,1,0.2930081301,2,1,1
2020,1,2410009,MDB,1194153,eleito,2,1,0,0.7069918699,2,1,1
2020,1,2802205,REPUBLICANOS,1628816,nao eleito,2,1,0,0.3379888268,2,1,1
2020,1,2802205,PT,487520,eleito,2,0,1,0.6620111732,2,1,1
2020,1,3555208,MDB,1350473,eleito,2,1,0,0.6906993511,2,1,1
2020,1,3555208,PV,1729348,nao eleito,2,0,1,0.3093006489,2,1,1
2020,1,4201505,PDT,599118,nao eleito,2,0,1,0.4946236559,2,1,1
2020,1,4201505,PSD,792842,eleito,2,1,0,0.5053763441,2,1,1
2020,1,4305157,PP,221287,eleito,2,1,0,0.5298380222,2,1,1
2020,1,4305157,PDT,432101,nao eleito,2,0,1,0.4701619778,2,1,1
2020,1,4310462,PDT,229642,nao eleito,2,0,1,0.4961368653,2,1,1
2020,1,4310462,PTB,99549,eleito,2,1,0,0.5038631347,2,1,1
2020,1,5006606,PT,1568823,nao eleito,2,0,1,0.0697486556,2,1,1
2020,1,5006606,PSDB,1572012,eleito,2,1,0,0.9302513444,2,1,1
2020,1,2202604,PP,119472,nao eleito,2,1,0,0.4905203374,2,1,1
2020,1,2202604,PT,509368,eleito,2,0,1,0.5094796626,2,1,1
2020,1,2205250,PP,722851,eleito,2,1,0,0.5057283142,2,1,1
2020,1,2205250,PT,499689,nao eleito,2,0,1,0.4942716858,2,1,1
2020,1,2208700,PP,725236,eleito,2,1,0,0.6662146455,2,1,1
2020,1,2208700,PT,1491244,nao eleito,2,0,1,0.3337853545,2,1,1
2020,1,2805901,PDT,698862,nao eleito,2,0,1,0.453660797,2,1,1
2020,1,2805901,MDB,777861,eleito,2,1,0,0.546339203,2,1,1
2020,1,2909109,PT,1195759,nao eleito,2,0,1,0.3780951402,2,1,1
2020,1,2909109,PL,909915,eleito,2,1,0,0.6219048598,2,1,1
2020,1,2911303,PDT,104479,eleito,2,0,1,0.5450565487,2,1,1
2020,1,2911303,PSD,918811,nao eleito,2,1,0,0.4549434513,2,1,1
2020,1,2930766,PSB,1463816,nao eleito,2,0,1,0.3543077127,2,1,1
2020,1,2930766,PSD,400025,eleito,2,1,0,0.6456922873,2,1,1
2020,1,4311429,PP,835301,eleito,2,1,0,0.512208657,2,1,1
2020,1,4311429,PT,523560,nao eleito,2,0,1,0.487791343,2,1,1
2020,1,2209906,PP,969167,nao eleito,2,1,0,0.4468802698,2,1,1
2020,1,2209906,PDT,10333,eleito,2,0,1,0.5531197302,2,1,1
2020,1,2310803,PDT,1146861,eleito,2,0,1,0.6681451978,2,1,1
2020,1,2310803,DEM,765604,nao eleito,2,1,0,0.3318548022,2,1,1
2020,1,2605509,MDB,1804686,nao eleito,2,1,0,0.4834387793,2,1,1
2020,1,2605509,PSB,715358,eleito,2,0,1,0.5165612207,2,1,1
2020,1,2930303,PT,835791,eleito,2,0,1,0.5085346747,2,1,1
2020,1,2930303,PSD,1454296,nao eleito,2,1,0,0.4914653253,2,1,1
2020,1,3115706,MDB,680997,eleito,2,1,0,0.5366374706,2,1,1
2020,1,3115706,PSB,700126,nao eleito,2,0,1,0.4633625294,2,1,1
2020,1,3120607,PP,604030,eleito,2,1,0,0.6392360292,2,1,1
2020,1,3120607,PDT,978934,nao eleito,2,0,1,0.3607639708,2,1,1
2020,1,3157252,PP,385576,eleito,2,1,0,0.5978996084,2,1,1
2020,1,3157252,PT, ,nao eleito,2,0,1,0.4021003916,2,1,1
2020,1,4113403,PSB,735605,nao eleito,2,0,1,0.2365029606,2,1,1
2020,1,4113403,PSD,965470,eleito,2,1,0,0.7634970394,2,1,1
2020,1,4315131,PDT,877395,eleito,2,0,1,0.5030591434,2,1,1
2020,1,4315131,PTB,775530,nao eleito,2,1,0,0.4969408566,2,1,1
2020,1,2106359,PDT,174374,nao eleito,2,0,1,0.4757204895,2,1,1
2020,1,2106359,DEM,639194,eleito,2,1,0,0.5242795105,2,1,1
2020,1,2202737,PT,61312,eleito,2,0,1,0.6432776077,2,1,1
2020,1,2202737,MDB,194960,nao eleito,2,1,0,0.3567223923,2,1,1
2020,1,4305116,PT,60863,nao eleito,2,0,1,0.4851898206,2,1,1
2020,1,4305116,PL,701093,eleito,2,1,0,0.5148101794,2,1,1
2020,1,4311643,PT,1246733,nao eleito,2,0,1,0.4684908789,2,1,1
2020,1,4311643,MDB,226065,eleito,2,1,0,0.5315091211,2,1,1
2020,1,2303402,PDT,209474,eleito,2,0,1,0.6570960594,2,1,1
2020,1,2303402,MDB,1134861,nao eleito,2,1,0,0.3429039406,2,1,1
2020,1,3163904,PSB,1552272,nao eleito,2,0,1,0.3784424045,2,1,1
2020,1,3163904,PSDB,1788608,eleito,2,1,0,0.6215575955,2,1,1
2020,1,4309803,PP,97173,eleito,2,1,0,0.5150987224,2,1,1
2020,1,4309803,PDT,1546198,nao eleito,2,0,1,0.4849012776,2,1,1
2020,1,4314134,PT,1001612,nao eleito,2,0,1,0.4268841395,2,1,1
2020,1,4314134,MDB,48621,eleito,2,1,0,0.5731158605,2,1,1
2020,1,2105476,PDT,806410,eleito,2,0,1,0.5314712443,2,1,1
2020,1,2105476,PTB,236196,nao eleito,2,1,0,0.4685287557,2,1,1
2020,1,2206951,PT,704081,eleito,2,0,1,0.5580474934,2,1,1
2020,1,2206951,MDB,227014,nao eleito,2,1,0,0.4419525066,2,1,1
2020,1,2304236,PDT,231456,nao eleito,2,0,1,0.4829773925,2,1,1
2020,1,2304236,MDB,1282520,eleito,2,1,0,0.5170226075,2,1,1
2020,1,2922102,PP,1693271,nao eleito,2,1,0,0.4778277352,2,1,1
2020,1,2922102,PSB,643775,eleito,2,0,1,0.5221722648,2,1,1
2020,1,3106408,MDB,1000979,eleito,2,1,0,0.717884131,2,1,1
2020,1,3106408,PSB,318432,nao eleito,2,0,1,0.282115869,2,1,1
2020,1,4311205,PSB,1386137,nao eleito,2,0,1,0.4732301446,2,1,1
2020,1,4311205,PSDB,500622,eleito,2,1,0,0.5267698554,2,1,1
2020,1,4318457,PDT,294699,nao eleito,2,0,1,0.4403807615,2,1,1
2020,1,4318457,PL,877270,eleito,2,1,0,0.5596192385,2,1,1
2020,1,4319737,PP,239752,eleito,2,1,0,0.5142995637,2,1,1
2020,1,4319737,PT,1724121,nao eleito,2,0,1,0.4857004363,2,1,1
2020,1,2202711,PP,891584,eleito,2,1,0,0.6220806794,2,1,1
2020,1,2202711,PSB,747595,nao eleito,2,0,1,0.3779193206,2,1,1
2020,1,2310308,PDT,620381,nao eleito,2,0,1,0.2958006013,2,1,1
2020,1,2310308,SOLIDARIEDADE,1163199,eleito,2,1,0,0.7041993987,2,1,1
2020,1,2921450,PT,333487,nao eleito,2,0,1,0.4293151131,2,1,1
2020,1,2921450,PSD,898623,eleito,2,1,0,0.5706848869,2,1,1
2020,1,3126752,PDT,902790,eleito,2,0,1,0.5353921837,2,1,1
2020,1,3126752,DEM,837514,nao eleito,2,1,0,0.4646078163,2,1,1
2020,1,3501301,PV,1267271,nao eleito,2,0,1,0.3966897195,2,1,1
2020,1,3501301,PSDB,54321,eleito,2,1,0,0.6033102805,2,1,1
2020,1,3543238,PSB,1359783,nao eleito,2,0,1,0.4882629108,2,1,1
2020,1,3543238,PSDB,651340,eleito,2,1,0,0.5117370892,2,1,1
2020,1,2302701,PDT,827554,eleito,2,0,1,0.590426584,2,1,1
2020,1,2302701,PSD,1368844,nao eleito,2,1,0,0.409573416,2,1,1
2020,1,2606705,REPUBLICANOS,410290,eleito,2,1,0,0.5879501385,2,1,1
2020,1,2606705,PSB,35169,nao eleito,2,0,1,0.4120498615,2,1,1
2020,1,2614600,PT,1257579,nao eleito,2,0,1,0.4935169178,2,1,1
2020,1,2614600,MDB,91438,eleito,2,1,0,0.5064830822,2,1,1
2020,1,2903003,PDT,309247,eleito,2,0,1,0.6931434599,2,1,1
2020,1,2903003,PSD,1374958,nao eleito,2,1,0,0.3068565401,2,1,1
2020,1,2925907,PT,846670,nao eleito,2,0,1,0.2845902433,2,1,1
2020,1,2925907,PL,1724177,eleito,2,1,0,0.7154097567,2,1,1
2020,1,3122009,PT,1560257,eleito,2,0,1,0.56538777,2,1,1
2020,1,3122009,DEM,299791,nao eleito,2,1,0,0.43461223,2,1,1
2020,1,4128633,DEM,641823,eleito,2,1,0,0.7540106952,2,1,1
2020,1,4128633,PSB,149456,nao eleito,2,0,1,0.2459893048,2,1,1
2020,1,4305124,PP,1741359,eleito,2,1,0,0.796360059,2,1,1
2020,1,4305124,PT,1735748,nao eleito,2,0,1,0.203639941,2,1,1
2020,1,4308003,PP,1559468,eleito,2,1,0,0.5323773247,2,1,1
2020,1,4308003,PT,390777,nao eleito,2,0,1,0.4676226753,2,1,1
2020,1,4308854,PDT,547550,eleito,2,0,1,0.5585215606,2,1,1
2020,1,4308854,PTB,581456,nao eleito,2,1,0,0.4414784394,2,1,1
2020,1,5106208,PT,160321,nao eleito,2,0,1,0.2636938202,2,1,1
2020,1,5106208,MDB,341014,eleito,2,1,0,0.7363061798,2,1,1
2020,1,2707008,PTB,1482831,eleito,2,1,0,0.5006993007,2,1,1
2020,1,2707008,PSB,781164,nao eleito,2,0,1,0.4993006993,2,1,1
2020,1,3126802,PT,999675,eleito,2,0,1,0.5221738016,2,1,1
2020,1,3126802,PSDB,1478921,nao eleito,2,1,0,0.4778261984,2,1,1
2020,1,3534104,PDT,1727562,eleito,2,0,1,0.5363015431,2,1,1
2020,1,3534104,SOLIDARIEDADE,1447487,nao eleito,2,1,0,0.4636984569,2,1,1
2020,1,2202091,PT,176877,nao eleito,2,0,1,0.2429447853,2,1,1
2020,1,2202091,PSD,1170017,eleito,2,1,0,0.7570552147,2,1,1
2020,1,2300507,PDT,1566303,eleito,2,0,1,0.7419810654,2,1,1
2020,1,2300507,PSD,204048,nao eleito,2,1,0,0.2580189346,2,1,1
2020,1,2310951,PDT,934268,eleito,2,0,1,0.5543037404,2,1,1
2020,1,2310951,PTB,985025,nao eleito,2,1,0,0.4456962596,2,1,1
2020,1,2905008,DEM,959737,nao eleito,2,1,0,0.4579045514,2,1,1
2020,1,2905008,PSB,1499850,eleito,2,0,1,0.5420954486,2,1,1
2020,1,2916906,PSB,1594343,nao eleito,2,0,1,0.4182175821,2,1,1
2020,1,2916906,PSD,850258,eleito,2,1,0,0.5817824179,2,1,1
2020,1,4123907,PSB,920741,nao eleito,2,0,1,0.2476793249,2,1,1
2020,1,4123907,PSD,249632,eleito,2,1,0,0.7523206751,2,1,1
2020,1,4300638,PDT,325218,eleito,2,0,1,0.5423855964,2,1,1
2020,1,4300638,MDB,839321,nao eleito,2,1,0,0.4576144036,2,1,1
2020,1,5107198,PSB,711013,nao eleito,2,0,1,0.4436260623,2,1,1
2020,1,5107198,PSDB,831544,eleito,2,1,0,0.5563739377,2,1,1
2020,1,5205471,DEM,24186,eleito,2,1,0,0.5814992553,2,1,1
2020,1,5205471,PSB,1087467,nao eleito,2,0,1,0.4185007447,2,1,1
2020,1,1502103,PT,210364,nao eleito,2,0,1,0.2887039286,2,1,1
2020,1,1502103,MDB,909285,eleito,2,1,0,0.7112960714,2,1,1
2020,1,4314753,PDT,251544,eleito,2,0,1,0.6490939044,2,1,1
2020,1,4314753,PSDB,431841,nao eleito,2,1,0,0.3509060956,2,1,1
2020,1,4315008,PP,878502,nao eleito,2,1,0,0.3887195122,2,1,1
2020,1,4315008,PDT,393124,eleito,2,0,1,0.6112804878,2,1,1
2020,1,4319158,PP,1703517,eleito,2,1,0,0.5665065776,2,1,1
2020,1,4319158,PDT,1555204,nao eleito,2,0,1,0.4334934224,2,1,1
2020,1,2107456,PDT,1224240,eleito,2,0,1,0.6006111895,2,1,1
2020,1,2107456,PSC,1521519,nao eleito,2,1,0,0.3993888105,2,1,1
2020,1,2209955,PP,572217,eleito,2,1,0,0.5717041801,2,1,1
2020,1,2209955,PT,1281506,nao eleito,2,0,1,0.4282958199,2,1,1
2020,1,2926202,PSB,1498172,nao eleito,2,0,1,0.4600710433,2,1,1
2020,1,2926202,PSD,550705,eleito,2,1,0,0.5399289567,2,1,1
2020,1,3109501,MDB,206015,eleito,2,1,0,0.6648059905,2,1,1
2020,1,3109501,PSB,205923,nao eleito,2,0,1,0.3351940095,2,1,1
2020,1,4305900,PP,890770,nao eleito,2,1,0,0.4441170693,2,1,1
2020,1,4305900,PSB,240420,eleito,2,0,1,0.55588293070000006,2,1,1
2020,1,4311122,PP,411483,eleito,2,1,0,0.5347291459,2,1,1
2020,1,4311122,PDT,123570,nao eleito,2,0,1,0.4652708541,2,1,1
2020,1,1702703,PV,474193,eleito,2,0,1,0.6429669485,2,1,1
2020,1,1702703,SOLIDARIEDADE,1124789,nao eleito,2,1,0,0.3570330515,2,1,1
2020,1,2905107,PSB,1527294,eleito,2,0,1,0.5146403565,2,1,1
2020,1,2905107,PSD,230761,nao eleito,2,1,0,0.4853596435,2,1,1
2020,1,2926707,PSB,137937,eleito,2,0,1,0.5915317559,2,1,1
2020,1,2926707,PSD,420525,nao eleito,2,1,0,0.4084682441,2,1,1
2020,1,4313425,PP,255435,eleito,2,1,0,0.5598052851,2,1,1
2020,1,4313425,PT,308325,nao eleito,2,0,1,0.4401947149,2,1,1
2020,1,2209401,PP,858927,eleito,2,1,0,0.6249265138,2,1,1
2020,1,2209401,PSB,1234222,nao eleito,2,0,1,0.3750734862,2,1,1
2020,1,2403905,PL,1773024,nao eleito,2,1,0,0.2366281558,2,1,1
2020,1,2403905,PSB,1343269,eleito,2,0,1,0.7633718442,2,1,1
2020,1,2614808,MDB,1438243,eleito,2,1,0,0.5771932447,2,1,1
2020,1,2614808,PSB,795554,nao eleito,2,0,1,0.4228067553,2,1,1
2020,1,4303202,PDT,185870,eleito,2,0,1,0.5042808219,2,1,1
2020,1,4303202,MDB,290199,nao eleito,2,1,0,0.4957191781,2,1,1
2020,1,4312708,PP,916809,eleito,2,1,0,0.5125601978,2,1,1
2020,1,4312708,PDT,198605,nao eleito,2,0,1,0.4874398022,2,1,1
2020,1,3120151,PT,920835,eleito,2,0,1,0.5916620652,2,1,1
2020,1,3120151,PTB,250522,nao eleito,2,1,0,0.4083379348,2,1,1
2020,1,3136959,PT,891832,eleito,2,0,1,0.5576476058,2,1,1
2020,1,3136959,DEM,988436,nao eleito,2,1,0,0.4423523942,2,1,1
2020,1,3516507,PSB,820103,nao eleito,2,0,1,0.3852941176,2,1,1
2020,1,3516507,PSDB,1310386,eleito,2,1,0,0.6147058824,2,1,1
2020,1,4124608,PSB,514046,nao eleito,2,0,1,0.4674731796,2,1,1
2020,1,4124608,PSD,859936,eleito,2,1,0,0.5325268204,2,1,1
2020,1,4302204,PT,1773407,nao eleito,2,0,1,0.4621322762,2,1,1
2020,1,4302204,MDB,841326,eleito,2,1,0,0.5378677238,2,1,1
2020,1,4310876,PP,1639579,eleito,2,1,0,0.5689939527,2,1,1
2020,1,4310876,PDT,818322,nao eleito,2,0,1,0.4310060473,2,1,1
2020,1,5201405,MDB,888713,eleito,2,1,0,0.9880181704,2,1,1
2020,1,5201405,PSOL,913558,nao eleito,2,0,1,0.0119818296,2,1,1
2020,1,2303907,PDT,104073,eleito,2,0,1,0.9913726994,2,1,1
2020,1,2303907,MDB,647064,nao eleito,2,1,0,0.0086273006,2,1,1
2020,1,4207601,PT,159956,nao eleito,2,0,1,0.4718768502,2,1,1
2020,1,4207601,PL,1280749,eleito,2,1,0,0.5281231498,2,1,1
2020,1,4304622,PDT,1693075,eleito,2,0,1,0.7460762332,2,1,1
2020,1,4304622,PTB,528589,nao eleito,2,1,0,0.2539237668,2,1,1
2020,1,2933174,PT,807867,nao eleito,2,0,1,0.371928303,2,1,1
2020,1,2933174,PSC,482111,eleito,2,1,0,0.628071697,2,1,1
2020,1,3141207,PDT,579681,eleito,2,0,1,0.6113744076,2,1,1
2020,1,3141207,PSDB,1119866,nao eleito,2,1,0,0.3886255924,2,1,1
2020,1,4311304,PP,723903,eleito,2,1,0,0.7344825282,2,1,1
2020,1,4311304,PDT,921588,nao eleito,2,0,1,0.2655174718,2,1,1
2020,1,2202851,PSB,859442,eleito,2,0,1,0.5507072644,2,1,1
2020,1,2202851,PSD,1704786,nao eleito,2,1,0,0.4492927356,2,1,1
2020,1,2313757,PDT,263060,nao eleito,2,0,1,0.4691235881,2,1,1
2020,1,2313757,PSD,381565,eleito,2,1,0,0.5308764119,2,1,1
2020,1,2405207,PL,629388,nao eleito,2,1,0,0.4393605292,2,1,1
2020,1,2405207,PSOL,1774511,eleito,2,0,1,0.5606394708,2,1,1
2020,1,2904803,PSB,278035,nao eleito,2,0,1,0.4361384024,2,1,1
2020,1,2904803,PSD,328417,eleito,2,1,0,0.5638615976,2,1,1
2020,1,2910305,PT,752247,nao eleito,2,0,1,0.479752917,2,1,1
2020,1,2910305,PSD,677060,eleito,2,1,0,0.520247083,2,1,1
2020,1,4202131,PDT,837877,nao eleito,2,0,1,0.4710442316,2,1,1
2020,1,4202131,PSL,849073,eleito,2,1,0,0.5289557684,2,1,1
2020,1,4212239,PT,375935,nao eleito,2,0,1,0.4369938452,2,1,1
2020,1,4212239,MDB,600143,eleito,2,1,0,0.5630061548,2,1,1
2020,1,5107008,PDT,324836,eleito,2,0,1,0.6425743579,2,1,1
2020,1,5107008,MDB,466633,nao eleito,2,1,0,0.3574256421,2,1,1
2020,1,2200251,PP,1241182,nao eleito,2,1,0,0.497984258,2,1,1
2020,1,2200251,PT,75858,eleito,2,0,1,0.502015742,2,1,1
2020,1,2205516,REDE,188253,nao eleito,2,0,1,0.0601786554,2,1,1
2020,1,2205516,PSD,1293685,nao eleito,2,1,0,0.9398213446,2,1,1
2020,1,2911006,PSB,1245269,eleito,2,0,1,0.785028155,2,1,1
2020,1,2911006,PSD,1781346,nao eleito,2,1,0,0.214971845,2,1,1
2020,1,2913408,PT,608684,eleito,2,0,1,0.5150231504,2,1,1
2020,1,2913408,PSD,1365376,nao eleito,2,1,0,0.4849768496,2,1,1
2020,1,4302584,PP,226148,nao eleito,2,1,0,0.454798331,2,1,1
2020,1,4302584,PDT,258381,eleito,2,0,1,0.545201669,2,1,1
2020,1,4304697,PDT,182511,nao eleito,2,0,1,0.3828306265,2,1,1
2020,1,4304697,PSDB,467962,eleito,2,1,0,0.6171693735,2,1,1
2020,1,4305447,MDB,535150,nao eleito,2,1,0,0.391031134,2,1,1
2020,1,4305447,PSB,1106751,eleito,2,0,1,0.608968866,2,1,1
2020,1,4313037,PP,549433,nao eleito,2,1,0,0.1983590734,2,1,1
2020,1,4313037,PDT,1096865,eleito,2,0,1,0.8016409266,2,1,1
2020,1,5206701,PDT,746480,eleito,2,0,1,0.5222222222,2,1,1
2020,1,5206701,DEM,708996,nao eleito,2,1,0,0.4777777778,2,1,1
2020,1,2102101,REPUBLICANOS,855952,nao eleito,2,1,0,0.3989966377,2,1,1
2020,1,2102101,PDT,1490482,eleito,2,0,1,0.6010033623,2,1,1
2020,1,2301901,PDT,509527,eleito,2,0,1,0.5387114239,2,1,1
2020,1,2301901,PSDB,783727,nao eleito,2,1,0,0.4612885761,2,1,1
2020,1,2305654,PT,1092207,eleito,2,0,1,0.5844051447,2,1,1
2020,1,2305654,PL,336651,nao eleito,2,1,0,0.4155948553,2,1,1
2020,1,2600203,PTB,1407149,nao eleito,2,1,0,0.3735782409,2,1,1
2020,1,2600203,PSB,1065296,eleito,2,0,1,0.6264217591,2,1,1
2020,1,3105707,PDT,328881,eleito,2,0,1,0.5647455992,2,1,1
2020,1,3105707,PSDB,1412338,nao eleito,2,1,0,0.4352544008,2,1,1
2020,1,4126355,PDT,366813,eleito,2,0,1,0.5559536935,2,1,1
2020,1,4126355,PSD,1051591,nao eleito,2,1,0,0.4440463065,2,1,1
2020,1,4323507,PP,501639,nao eleito,2,1,0,0.4425438596,2,1,1
2020,1,4323507,PT,501625,eleito,2,0,1,0.5574561404,2,1,1
2020,1,2110658,REPUBLICANOS,1694481,eleito,2,1,0,0.5527985075,2,1,1
2020,1,2110658,PDT,599846,nao eleito,2,0,1,0.4472014925,2,1,1
2020,1,2901304,PSB,1114275,eleito,2,0,1,0.6969253294,2,1,1
2020,1,2901304,PSD,1582548,nao eleito,2,1,0,0.3030746706,2,1,1
2020,1,2902658,PT,399981,eleito,2,0,1,0.5474406198,2,1,1
2020,1,2902658,PL,930814,nao eleito,2,1,0,0.45255938020000003,2,1,1
2020,1,2918209,PP,1597554,nao eleito,2,1,0,0.27799511,2,1,1
2020,1,2918209,PSB,518954,eleito,2,0,1,0.72200489,2,1,1
2020,1,4109203,PSB,1142954,nao eleito,2,0,1,0.4755283648,2,1,1
2020,1,4109203,PSD,81004,eleito,2,1,0,0.5244716352,2,1,1
2020,1,4308656,PP,99410,nao eleito,2,1,0,0.4668161435,2,1,1
2020,1,4308656,PDT,1699453,eleito,2,0,1,0.5331838565,2,1,1
2020,1,1501576,PT,1692420,nao eleito,2,0,1,0.2708694575,2,1,1
2020,1,1501576,PSC,262844,eleito,2,1,0,0.7291305425,2,1,1
2020,1,2207306,PP,937146,eleito,2,1,0,0.5088685015,2,1,1
2020,1,2207306,PT,690990,nao eleito,2,0,1,0.4911314985,2,1,1
2020,1,2310605,PDT,178248,nao eleito,2,0,1,0.4892840857,2,1,1
2020,1,2310605,MDB,1070776,eleito,2,1,0,0.5107159143,2,1,1
2020,1,2411601,PSB,1079284,nao eleito,2,0,1,0.4866057359,2,1,1
2020,1,2411601,PSD,268803,eleito,2,1,0,0.5133942641,2,1,1
2020,1,2508554,PSB,181432,nao eleito,2,0,1,0.3924485126,2,1,1
2020,1,2508554,PSDB,1805486,eleito,2,1,0,0.6075514874,2,1,1
2020,1,2513208,PL,767118,eleito,2,1,0,0.553999188,2,1,1
2020,1,2513208,PSB,244560,nao eleito,2,0,1,0.446000812,2,1,1
2020,1,2604304,MDB,442920,eleito,2,1,0,0.5188301835,2,1,1
2020,1,2604304,PSB,1785794,nao eleito,2,0,1,0.4811698165,2,1,1
2020,1,2908705,MDB,811879,eleito,2,1,0,0.5592494763,2,1,1
2020,1,2908705,PSB,1739773,nao eleito,2,0,1,0.4407505237,2,1,1
2020,1,3136306,PDT,761005,eleito,2,0,1,0.7550944519,2,1,1
2020,1,3136306,PSD,568398,nao eleito,2,1,0,0.2449055481,2,1,1
2020,1,3166006,PL,1692482,eleito,2,1,0,0.5405290102,2,1,1
2020,1,3166006,PSB,313146,nao eleito,2,0,1,0.4594709898,2,1,1
2020,1,4127205,PDT,20025,nao eleito,2,0,1,0.3874936964,2,1,1
2020,1,4127205,PSD,429213,eleito,2,1,0,0.6125063036,2,1,1
2020,1,4312351,PT,1433428,nao eleito,2,0,1,0.4890029326,2,1,1
2020,1,4312351,MDB,115530,eleito,2,1,0,0.5109970674,2,1,1
2020,1,4315552,PP,792095,eleito,2,1,0,0.642020202,2,1,1
2020,1,4315552,PT,855493,nao eleito,2,0,1,0.357979798,2,1,1
2020,1,1505635,PDT,530670,nao eleito,2,0,1,0.4363636364,2,1,1
2020,1,1505635,MDB,895618,eleito,2,1,0,0.5636363636,2,1,1
2020,1,1707306,PSB,1639076,nao eleito,2,0,1,0.4720056697,2,1,1
2020,1,1707306,PSD,15855,eleito,2,1,0,0.5279943303,2,1,1
2020,1,1713601,DEM,624870,eleito,2,1,0,0.6085238498,2,1,1
2020,1,1713601,PV,274063,nao eleito,2,0,1,0.3914761502,2,1,1
2020,1,2914653,REPUBLICANOS,477529,eleito,2,1,0,0.7098241358,2,1,1
2020,1,2914653,PSB,506363,nao eleito,2,0,1,0.2901758642,2,1,1
2020,1,2925253,PT,13458,nao eleito,2,0,1,0.464103533,2,1,1
2020,1,2925253,PSD,1286608,eleito,2,1,0,0.535896467,2,1,1
2020,1,3120003,PDT, ,eleito,2,0,1,0.5528346193,2,1,1
2020,1,3120003,PTB,1325708,nao eleito,2,1,0,0.4471653807,2,1,1
2020,1,3143807,PTB,137334,eleito,2,1,0,0.6638883101,2,1,1
2020,1,3143807,PV,1247709,nao eleito,2,0,1,0.3361116899,2,1,1
2020,1,4309951,PDT,239664,nao eleito,2,0,1,0.4758842444,2,1,1
2020,1,4309951,MDB,1612548,eleito,2,1,0,0.5241157556,2,1,1
2020,1,4314498,PDT,852942,nao eleito,2,0,1,0.4836777478,2,1,1
2020,1,4314498,MDB,240335,eleito,2,1,0,0.5163222522,2,1,1
2020,1,4323408,REPUBLICANOS,91249,eleito,2,1,0,0.5934210526,2,1,1
2020,1,4323408,PT,274600,nao eleito,2,0,1,0.4065789474,2,1,1
2020,1,1710508,PT,719424,nao eleito,2,0,1,0.3791696664,2,1,1
2020,1,1710508,PSC,1763186,eleito,2,1,0,0.6208303336,2,1,1
2020,1,2112233,PDT,286702,eleito,2,0,1,0.6441862291,2,1,1
2020,1,2112233,PL,765824,nao eleito,2,1,0,0.3558137709,2,1,1
2020,1,2200277,PT,34470,eleito,2,0,1,0.5303867403,2,1,1
2020,1,2200277,SOLIDARIEDADE,665258,nao eleito,2,1,0,0.4696132597,2,1,1
2020,1,2203800,PT,291328,nao eleito,2,0,1,0.4474753337,2,1,1
2020,1,2203800,MDB,223827,eleito,2,1,0,0.5525246663,2,1,1
2020,1,4209706,PDT,691866,eleito,2,0,1,0.5248184916,2,1,1
2020,1,4209706,PSL,889290,nao eleito,2,1,0,0.4751815084,2,1,1
2020,1,4307302,PT,639140,nao eleito,2,0,1,0.4650043745,2,1,1
2020,1,4307302,PSDB,96167,eleito,2,1,0,0.5349956255,2,1,1
2020,1,4309654,PP,1763242,eleito,2,1,0,0.5617021277,2,1,1
2020,1,4309654,PT,246601,nao eleito,2,0,1,0.4382978723,2,1,1
2020,1,2503605,PL,581525,eleito,2,1,0,0.5142743062,2,1,1
2020,1,2503605,PSB,108329,nao eleito,2,0,1,0.4857256938,2,1,1
2020,1,4307104,PP,1536579,eleito,2,1,0,0.6434993925,2,1,1
2020,1,4307104,PDT,879171,nao eleito,2,0,1,0.3565006075,2,1,1
2020,1,2206670,PT,1428960,nao eleito,2,0,1,0.4307545368,2,1,1
2020,1,2206670,PSD,1615637,eleito,2,1,0,0.5692454632,2,1,1
2020,1,2209450,PSB,641578,nao eleito,2,0,1,0.2868217054,2,1,1
2020,1,2209450,PSD,751292,eleito,2,1,0,0.7131782946,2,1,1
2020,1,2311504,PP,633006,nao eleito,2,1,0,0.4203987084,2,1,1
2020,1,2311504,PT,1625070,eleito,2,0,1,0.5796012916,2,1,1
2020,1,2511004,PDT,488554,nao eleito,2,0,1,0.3646028768,2,1,1
2020,1,2511004,PL,489236,eleito,2,1,0,0.6353971232,2,1,1
2020,1,2602506,REPUBLICANOS,652108,eleito,2,1,0,0.5248824769,2,1,1
2020,1,2602506,PSB,1752451,nao eleito,2,0,1,0.4751175231,2,1,1
2020,1,2610400,PTB,622872,nao eleito,2,1,0,0.4946898895,2,1,1
2020,1,2610400,PSB,238470,eleito,2,0,1,0.5053101105,2,1,1
2020,1,4300901,PT,177669,nao eleito,2,0,1,0.3982486865,2,1,1
2020,1,4300901,PSD,1451099,eleito,2,1,0,0.6017513135,2,1,1
2020,1,4316477,PP,535612,eleito,2,1,0,0.5323320818,2,1,1
2020,1,4316477,PDT,697704,nao eleito,2,0,1,0.4676679182,2,1,1
2020,1,2603108,PP,703840,nao eleito,2,1,0,0.3142309702,2,1,1
2020,1,2603108,PSB,502938,eleito,2,0,1,0.6857690298,2,1,1
2020,1,2900108,DEM,82198,eleito,2,1,0,0.5715625586,2,1,1
2020,1,2900108,PSB,310975,nao eleito,2,0,1,0.4284374414,2,1,1
2020,1,3110400,PT,1269164,nao eleito,2,0,1,0.346930995,2,1,1
2020,1,3110400,DEM,1243341,eleito,2,1,0,0.653069005,2,1,1
2020,1,4309001,PP,338739,eleito,2,1,0,0.5613851992,2,1,1
2020,1,4309001,PDT,872471,nao eleito,2,0,1,0.4386148008,2,1,1
2020,1,2413300,MDB,1167641,eleito,2,1,0,0.5525300658,2,1,1
2020,1,2413300,PSB,1731668,nao eleito,2,0,1,0.4474699342,2,1,1
2020,1,2802502,PT,510447,nao eleito,2,0,1,0.4810576164,2,1,1
2020,1,2802502,PSD,1509465,eleito,2,1,0,0.5189423836,2,1,1
2020,1,2920205,PT,827256,eleito,2,0,1,0.5213466919,2,1,1
2020,1,2920205,PL,1619276,nao eleito,2,1,0,0.4786533081,2,1,1
2020,1,3512506,PDT,1095654,nao eleito,2,0,1,0.4551161331,2,1,1
2020,1,3512506,DEM,765841,eleito,2,1,0,0.5448838669,2,1,1
2020,1,4300570,PTB,137783,nao eleito,2,1,0,0.364548495,2,1,1
2020,1,4300570,PSB,432729,eleito,2,0,1,0.635451505,2,1,1
2020,1,4302006,PP,708767,nao eleito,2,1,0,0.4558558559,2,1,1
2020,1,4302006,PSB,869647,eleito,2,0,1,0.5441441441,2,1,1
2020,1,4317905,PT,377350,nao eleito,2,0,1,0.3444155344,2,1,1
2020,1,4317905,MDB,1602885,eleito,2,1,0,0.6555844656,2,1,1
2020,1,4319356,PT,232510,nao eleito,2,0,1,0.2613890963,2,1,1
2020,1,4319356,MDB,292771,eleito,2,1,0,0.7386109037,2,1,1
2020,1,2304509,PDT,217489,eleito,2,0,1,0.526372868,2,1,1
2020,1,2304509,PTB,835619,nao eleito,2,1,0,0.473627132,2,1,1
2020,1,2312908,PDT,77029,eleito,2,0,1,0.5922592019,2,1,1
2020,1,2312908,MDB,1200816,nao eleito,2,1,0,0.4077407981,2,1,1
2020,1,2909505,PT,85046,nao eleito,2,0,1,0.4827261307,2,1,1
2020,1,2909505,PSD,79477,eleito,2,1,0,0.5172738693,2,1,1
2020,1,3118700,PP,101630,eleito,2,1,0,0.7709346299,2,1,1
2020,1,3118700,PV,1023688,nao eleito,2,0,1,0.2290653701,2,1,1
2020,1,3166501,PDT,368090,nao eleito,2,0,1,0.406360424,2,1,1
2020,1,3166501,PSDB,379540,eleito,2,1,0,0.593639576,2,1,1
2020,1,4312625,PDT,1695546,nao eleito,2,0,1,0.4992327366,2,1,1
2020,1,4312625,PTB,412750,eleito,2,1,0,0.5007672634,2,1,1
2020,1,5203500,PT,423,nao eleito,2,0,1,0.0243781914,2,1,1
2020,1,5203500,MDB,393957,nao eleito,2,1,0,0.9756218086,2,1,1
2020,1,2614105,DEM,1451472,nao eleito,2,1,0,0.3139252228,2,1,1
2020,1,2614105,PSB,1095642,eleito,2,0,1,0.6860747772,2,1,1
2020,1,4123006,PDT,311345,eleito,2,0,1,0.5401756312,2,1,1
2020,1,4123006,MDB,1052753,nao eleito,2,1,0,0.4598243688,2,1,1
2020,1,4204103,PT,1013158,eleito,2,0,1,0.5504819888,2,1,1
2020,1,4204103,MDB,1494806,nao eleito,2,1,0,0.4495180112,2,1,1
2020,1,4300505,PDT,1527542,eleito,2,0,1,0.5311494035,2,1,1
2020,1,4300505,MDB,773677,nao eleito,2,1,0,0.4688505965,2,1,1
2020,1,4301958,PP,1382990,eleito,2,1,0,0.5702479339,2,1,1
2020,1,4301958,PDT,1406658,nao eleito,2,0,1,0.4297520661,2,1,1
2020,1,2400109,PT,559156,nao eleito,2,0,1,0.4400728087,2,1,1
2020,1,2400109,SOLIDARIEDADE,657444,eleito,2,1,0,0.5599271913,2,1,1
2020,1,2609105,PL,577719,nao eleito,2,1,0,0.4788798682,2,1,1
2020,1,2609105,PSB,977132,eleito,2,0,1,0.5211201318,2,1,1
2020,1,3126000,PV,1213294,eleito,2,0,1,0.5501150868,2,1,1
2020,1,3126000,PSD,762718,nao eleito,2,1,0,0.4498849132,2,1,1
2020,1,3146750,PDT,1142693,nao eleito,2,0,1,0.3050682261,2,1,1
2020,1,3146750,DEM,1277651,eleito,2,1,0,0.6949317739,2,1,1
2020,1,4302659,PP,136557,eleito,2,1,0,0.6984079303,2,1,1
2020,1,4302659,PDT,90773,nao eleito,2,0,1,0.3015920697,2,1,1
2020,1,4311775,PP,829034,nao eleito,2,1,0,0.4743183259,2,1,1
2020,1,4311775,PDT,714393,eleito,2,0,1,0.5256816741,2,1,1
2020,1,4313607,PT,843232,eleito,2,0,1,0.5182080925,2,1,1
2020,1,4313607,MDB,510183,nao eleito,2,1,0,0.4817919075,2,1,1
2020,1,2104909,REPUBLICANOS,1736682,nao eleito,2,1,0,0.1918562874,2,1,1
2020,1,2104909,PDT,202288,eleito,2,0,1,0.8081437126,2,1,1
2020,1,2201309,PP,930067,nao eleito,2,1,0,0.3934911243,2,1,1
2020,1,2201309,PT,787796,eleito,2,0,1,0.6065088757,2,1,1
2020,1,3145356,PDT,1115196,nao eleito,2,0,1,0.4894020334,2,1,1
2020,1,3145356,PSC,588441,eleito,2,1,0,0.5105979666,2,1,1
2020,1,4103008,MDB,584225,eleito,2,1,0,0.6823419495,2,1,1
2020,1,4103008,PSB,621905,nao eleito,2,0,1,0.3176580505,2,1,1
2020,1,4303707,PDT,19147,nao eleito,2,0,1,0.3337185117,2,1,1
2020,1,4303707,PSL,627659,eleito,2,1,0,0.6662814883,2,1,1
2020,1,4320453,PDT,294861,nao eleito,2,0,1,0.4623714131,2,1,1
2020,1,4320453,MDB,773438,eleito,2,1,0,0.5376285869,2,1,1
2020,1,2308609,PP,1641903,nao eleito,2,1,0,0.4474436596,2,1,1
2020,1,2308609,PDT,781332,eleito,2,0,1,0.5525563404,2,1,1
2020,1,2514453,PDT,1290194,eleito,2,0,1,0.5565681263,2,1,1
2020,1,2514453,MDB,382398,nao eleito,2,1,0,0.4434318737,2,1,1
2020,1,2604700,PL,272636,nao eleito,2,1,0,0.498631803,2,1,1
2020,1,2604700,PSB,1000416,eleito,2,0,1,0.501368197,2,1,1
2020,1,3128907,MDB,1081714,eleito,2,1,0,0.6522645442,2,1,1
2020,1,3128907,PSB, ,nao eleito,2,0,1,0.3477354558,2,1,1
2020,1,2205581,PT,878450,nao eleito,2,0,1,0.4368822367,2,1,1
2020,1,2205581,MDB,1162949,eleito,2,1,0,0.5631177633,2,1,1
2020,1,2912301,PDT,951379,nao eleito,2,0,1,0.4886996397,2,1,1
2020,1,2912301,PSD,941604,eleito,2,1,0,0.5113003603,2,1,1
2020,1,3507753,PV,1609665,eleito,2,0,1,0.5041082649,2,1,1
2020,1,3507753,PSDB,56759,nao eleito,2,1,0,0.4958917351,2,1,1
2020,1,4116802,PDT,525766,eleito,2,0,1,0.5153673926,2,1,1
2020,1,4116802,DEM,1113996,nao eleito,2,1,0,0.4846326074,2,1,1
2020,1,4307708,PP,700732,eleito,2,1,0,0.8550016292,2,1,1
2020,1,4307708,PDT,137951,nao eleito,2,0,1,0.1449983708,2,1,1
2020,1,4310751,PT,533007,eleito,2,0,1,0.5593966059,2,1,1
2020,1,4310751,MDB,1695152,nao eleito,2,1,0,0.4406033941,2,1,1
2020,1,4318903,PP,1458186,eleito,2,1,0,0.7863238203,2,1,1
2020,1,4318903,PT,959819,nao eleito,2,0,1,0.2136761797,2,1,1
2020,1,4321626,PT,142972,nao eleito,2,0,1,0.3159387408,2,1,1
2020,1,4321626,MDB,579578,eleito,2,1,0,0.6840612592,2,1,1
2020,1,5213905,PP,1645282,nao eleito,2,1,0,0.3696478338,2,1,1
2020,1,5213905,PDT,732705,eleito,2,0,1,0.6303521662,2,1,1
2020,1,2602407,REPUBLICANOS,1159686,nao eleito,2,1,0,0.2216664061,2,1,1
2020,1,2602407,PSB,1115624,eleito,2,0,1,0.7783335939,2,1,1
2020,1,2609709,DEM,537611,eleito,2,1,0,0.5299565434,2,1,1
2020,1,2609709,PSB,1316223,nao eleito,2,0,1,0.4700434566,2,1,1
2020,1,2705002,PDT,1133269,nao eleito,2,0,1,0.4210280374,2,1,1
2020,1,2705002,PTB,6004,eleito,2,1,0,0.5789719626,2,1,1
2020,1,3153707,PDT,779464,eleito,2,0,1,0.5676544091,2,1,1
2020,1,3153707,MDB,506773,nao eleito,2,1,0,0.4323455909,2,1,1
2020,1,3171105,PV,1456171,eleito,2,0,1,0.6828175896,2,1,1
2020,1,3171105,PSDB,151495,nao eleito,2,1,0,0.3171824104,2,1,1
2020,1,4118303,PP,610698,nao eleito,2,1,0,0.4639175258,2,1,1
2020,1,4118303,PT,1244532,eleito,2,0,1,0.5360824742,2,1,1
2020,1,4302154,PP,1699452,nao eleito,2,1,0,0.4848837209,2,1,1
2020,1,4302154,PDT,791675,eleito,2,0,1,0.5151162791,2,1,1
2020,1,4304408,PDT,200633,nao eleito,2,0,1,0.2022721101,2,1,1
2020,1,4304408,MDB,1632566,eleito,2,1,0,0.7977278899,2,1,1
2020,1,4318606,PDT,1664837,nao eleito,2,0,1,0.2558393364,2,1,1
2020,1,4318606,MDB,307769,eleito,2,1,0,0.7441606636,2,1,1
2020,1,1100700,PDT,827331,eleito,2,0,1,0.5624762628,2,1,1
2020,1,1100700,PSD,1551382,nao eleito,2,1,0,0.4375237372,2,1,1
2020,1,2604403,PSB,1022787,eleito,2,0,1,0.5193310165,2,1,1
2020,1,2604403,PSD,1399132,nao eleito,2,1,0,0.4806689835,2,1,1
2020,1,2925600,MDB,50657,eleito,2,1,0,0.5948452496,2,1,1
2020,1,2925600,PSB,1293727,nao eleito,2,0,1,0.4051547504,2,1,1
2020,1,3152303,DEM,629550,eleito,2,1,0,0.7229327781,2,1,1
2020,1,3152303,PV,399016,nao eleito,2,0,1,0.2770672219,2,1,1
2020,1,4128807,PSB,1080881,nao eleito,2,0,1,0.4386248269,2,1,1
2020,1,4128807,PSD,1580748,eleito,2,1,0,0.5613751731,2,1,1
2020,1,4309159,MDB,1661103,nao eleito,2,1,0,0.4258857556,2,1,1
2020,1,4309159,PSB,580729,eleito,2,0,1,0.5741142444,2,1,1
2020,1,2933604,MDB,659943,eleito,2,1,0,0.5564762487,2,1,1
2020,1,2933604,PSB,1794608,nao eleito,2,0,1,0.4435237513,2,1,1
2020,1,3149002,MDB,713671,nao eleito,2,1,0,0.452573373,2,1,1
2020,1,3149002,PSB,1298638,eleito,2,0,1,0.547426627,2,1,1
2020,1,4314035,PDT,534718,eleito,2,0,1,0.51245551600000006,2,1,1
2020,1,4314035,MDB,1635199,nao eleito,2,1,0,0.487544484,2,1,1
2020,1,2313955,PDT,1727523,eleito,2,0,1,0.5311889373,2,1,1
2020,1,2313955,MDB,569568,nao eleito,2,1,0,0.4688110627,2,1,1
2020,1,2933406,PSB,1726323,eleito,2,0,1,0.6115560641,2,1,1
2020,1,2933406,PSD,70665,nao eleito,2,1,0,0.3884439359,2,1,1
2020,1,3163607,PDT,442935,eleito,2,0,1,0.5599022005,2,1,1
2020,1,3163607,MDB,1013699,nao eleito,2,1,0,0.4400977995,2,1,1
2020,1,4311908,PT,1777189,nao eleito,2,0,1,0.3638539797,2,1,1
2020,1,4311908,MDB,126199,eleito,2,1,0,0.6361460203,2,1,1
2020,1,5205703,PP,1773842,eleito,2,1,0,0.5963081862,2,1,1
2020,1,5205703,PDT,16823,nao eleito,2,0,1,0.4036918138,2,1,1
2020,1,2508109,REPUBLICANOS,1652645,eleito,2,1,0,0.7401533175,2,1,1
2020,1,2508109,PSB,1236952,nao eleito,2,0,1,0.2598466825,2,1,1
2020,1,4319372,PP,780105,nao eleito,2,1,0,0.4924406048,2,1,1
2020,1,4319372,PT,376946,eleito,2,0,1,0.5075593952,2,1,1
2020,1,2412401,PT,1001530,nao eleito,2,0,1,0.3845144357,2,1,1
2020,1,2412401,MDB,1638587,eleito,2,1,0,0.6154855643,2,1,1
2020,1,2500734,PDT,1342293,nao eleito,2,0,1,0.4376339477,2,1,1
2020,1,2500734,DEM,641063,eleito,2,1,0,0.5623660523,2,1,1
2020,1,2610202,MDB,910686,nao eleito,2,1,0,0.4390338917,2,1,1
2020,1,2610202,PSB,1032336,eleito,2,0,1,0.5609661083,2,1,1
2020,1,4308300,PT,298570,nao eleito,2,0,1,0.4981786391,2,1,1
2020,1,4308300,PSD,1581190,eleito,2,1,0,0.5018213609,2,1,1
2020,1,2904050,PSB,797460,nao eleito,2,0,1,0.3903960396,2,1,1
2020,1,2904050,PSD,887533,eleito,2,1,0,0.6096039604,2,1,1
2020,1,2923308,DEM,1727723,nao eleito,2,1,0,0.3176881303,2,1,1
2020,1,2923308,PSB,707506,eleito,2,0,1,0.6823118697,2,1,1
2020,1,3164803,PDT,1651971,nao eleito,2,0,1,0.4035957843,2,1,1
2020,1,3164803,PSD,317012,eleito,2,1,0,0.5964042157,2,1,1
2020,1,4311502,PP,1763487,nao eleito,2,1,0,0.3871418588,2,1,1
2020,1,4311502,PDT,277770,eleito,2,0,1,0.6128581412,2,1,1
2020,1,5004601,PT,756089,nao eleito,2,0,1,0.365797546,2,1,1
2020,1,5004601,DEM,957175,eleito,2,1,0,0.634202454,2,1,1
2020,1,2206357,PP,1534012,eleito,2,1,0,0.5542998411,2,1,1
2020,1,2206357,PT,1315171,nao eleito,2,0,1,0.4457001589,2,1,1
2020,1,2915007,PT,873361,nao eleito,2,0,1,0.4112727273,2,1,1
2020,1,2915007,DEM,1495514,eleito,2,1,0,0.5887272727,2,1,1
2020,1,2921500,PSC,1299746,nao eleito,2,1,0,0.4679954728,2,1,1
2020,1,2921500,PSB,458609,eleito,2,0,1,0.5320045272,2,1,1
2020,1,3554201,PSB,1737593,nao eleito,2,0,1,0.4765355418,2,1,1
2020,1,3554201,PSDB,148995,eleito,2,1,0,0.5234644582,2,1,1
2020,1,2204600,PP,1539216,nao eleito,2,1,0,0.4515575879,2,1,1
2020,1,2204600,PT,679580,eleito,2,0,1,0.5484424121,2,1,1
2020,1,2301307,PDT,209810,eleito,2,0,1,0.5214549369,2,1,1
2020,1,2301307,PSD,572137,nao eleito,2,1,0,0.4785450631,2,1,1
2020,1,2312502,PT,1435201,nao eleito,2,0,1,0.4213543533,2,1,1
2020,1,2312502,PSD,338937,eleito,2,1,0,0.5786456467,2,1,1
2020,1,2925808,PT,1557577,eleito,2,0,1,0.5194010417,2,1,1
2020,1,2925808,PSDB,696419,nao eleito,2,1,0,0.4805989583,2,1,1
2020,1,4107157,PDT,509711,eleito,2,0,1,0.6649180328,2,1,1
2020,1,4107157,MDB,577154,nao eleito,2,1,0,0.3350819672,2,1,1
2020,1,4124509,PV,1711212,eleito,2,0,1,0.5425531915,2,1,1
2020,1,4124509,PSD,1235451,nao eleito,2,1,0,0.4574468085,2,1,1
2020,1,4309126,MDB,396096,nao eleito,2,1,0,0.4161554192,2,1,1
2020,1,4309126,PSB,626561,eleito,2,0,1,0.5838445808,2,1,1
2020,1,5005103,PDT,85726,nao eleito,2,0,1,0.3379821958,2,1,1
2020,1,5005103,PSDB,1080460,eleito,2,1,0,0.6620178042,2,1,1
2020,1,2104099,PDT,647659,nao eleito,2,0,1,0.4992337165,2,1,1
2020,1,2104099,PL,294419,eleito,2,1,0,0.5007662835,2,1,1
2020,1,2112308,PSB,1629564,nao eleito,2,0,1,0.4485950413,2,1,1
2020,1,2112308,SOLIDARIEDADE,1032617,eleito,2,1,0,0.5514049587,2,1,1
2020,1,2202539,PT,503066,eleito,2,0,1,0.5588602849,2,1,1
2020,1,2202539,PSD,1633512,nao eleito,2,1,0,0.4411397151,2,1,1
2020,1,2900207,PT,155197,eleito,2,0,1,0.6218634995,2,1,1
2020,1,2900207,DEM,902754,nao eleito,2,1,0,0.3781365005,2,1,1
2020,1,4321808,PP,321173,eleito,2,1,0,0.5527723241,2,1,1
2020,1,4321808,PT,1777122,nao eleito,2,0,1,0.4472276759,2,1,1
2020,1,4321857,PDT,1624992,nao eleito,2,0,1,0.4530577089,2,1,1
2020,1,4321857,MDB,561140,eleito,2,1,0,0.5469422911,2,1,1
2020,1,2922250,PT,782591,eleito,2,0,1,0.5475142413,2,1,1
2020,1,2922250,DEM,962335,nao eleito,2,1,0,0.4524857587,2,1,1
2020,1,1708254,PT,762638,nao eleito,2,0,1,0.4463141026,2,1,1
2020,1,1708254,PSD,566278,eleito,2,1,0,0.5536858974,2,1,1
2020,1,2414506,DEM,997567,eleito,2,1,0,0.5060862094,2,1,1
2020,1,2414506,PSB,522338,nao eleito,2,0,1,0.4939137906,2,1,1
2020,1,2912509,PP,1288401,nao eleito,2,1,0,0.4501082464,2,1,1
2020,1,2912509,PDT,125157,eleito,2,0,1,0.5498917536,2,1,1
2020,1,3140209,PT,524053,nao eleito,2,0,1,0.3574918567,2,1,1
2020,1,3140209,PTB,888641,eleito,2,1,0,0.6425081433,2,1,1
2020,1,4215604,PT,635288,eleito,2,0,1,0.5610543303,2,1,1
2020,1,4215604,MDB,635294,nao eleito,2,1,0,0.4389456697,2,1,1
2020,1,4307864,PDT,194552,nao eleito,2,0,1,0.458566108,2,1,1
2020,1,4307864,MDB,335924,eleito,2,1,0,0.541433892,2,1,1
2020,1,4310702,PT,519813,eleito,2,0,1,0.5790960452,2,1,1
2020,1,4310702,PL,836143,nao eleito,2,1,0,0.4209039548,2,1,1
2020,1,4312674,MDB,858488,nao eleito,2,1,0,0.4399215302,2,1,1
2020,1,4312674,PSB,255343,eleito,2,0,1,0.5600784698,2,1,1
2020,1,4320552,PP,64966,nao eleito,2,1,0,0.361489555,2,1,1
2020,1,4320552,PDT,1786669,eleito,2,0,1,0.638510445,2,1,1
2020,1,1507508,PDT,848616,eleito,2,0,1,0.5809709629,2,1,1
2020,1,1507508,MDB,781429,nao eleito,2,1,0,0.4190290371,2,1,1
2020,1,2106003,PDT,1486154,eleito,2,0,1,0.6578272027,2,1,1
2020,1,2106003,PTB,716575,nao eleito,2,1,0,0.3421727973,2,1,1
2020,1,2208502,PP,1565500,eleito,2,1,0,0.51903062740000006,2,1,1
2020,1,2208502,PT,957901,nao eleito,2,0,1,0.4809693726,2,1,1
2020,1,2302057,PDT,77137,eleito,2,0,1,0.5073529412,2,1,1
2020,1,2302057,PTB,1570663,nao eleito,2,1,0,0.4926470588,2,1,1
2020,1,2303956,PDT,465444,eleito,2,0,1,0.7458445802,2,1,1
2020,1,2303956,PSD,579943,nao eleito,2,1,0,0.2541554198,2,1,1
2020,1,2305332,PDT,147756,eleito,2,0,1,0.550965215,2,1,1
2020,1,2305332,PL,1037095,nao eleito,2,1,0,0.449034785,2,1,1
2020,1,4200754,PT,296700,nao eleito,2,0,1,0.3294478528,2,1,1
2020,1,4200754,MDB,115337,eleito,2,1,0,0.6705521472,2,1,1
2020,1,5103106,MDB,366779,nao eleito,2,1,0,0.4787234043,2,1,1
2020,1,5103106,PSB,90333,eleito,2,0,1,0.5212765957,2,1,1
2020,1,5221502,PDT,262106,nao eleito,2,0,1,0.3517857143,2,1,1
2020,1,5221502,DEM,794521,eleito,2,1,0,0.6482142857,2,1,1
2020,1,2300101,PT,1598370,eleito,2,0,1,0.5492761207,2,1,1
2020,1,2300101,MDB,463086,nao eleito,2,1,0,0.4507238793,2,1,1
2020,1,2306108,PDT,478404,eleito,2,0,1,0.6291618041,2,1,1
2020,1,2306108,MDB,278490,nao eleito,2,1,0,0.3708381959,2,1,1
2020,1,2307205,PSB,1432280,nao eleito,2,0,1,0.2860805861,2,1,1
2020,1,2307205,PSD,1266024,eleito,2,1,0,0.7139194139,2,1,1
2020,1,2930006,PL,739024,nao eleito,2,1,0,0.4994764398,2,1,1
2020,1,2930006,PSB,90974,eleito,2,0,1,0.5005235602,2,1,1
2020,1,3152709,PT,714921,nao eleito,2,0,1,0.4164212714,2,1,1
2020,1,3152709,PSDB,86990,eleito,2,1,0,0.5835787286,2,1,1
2020,1,3161700,PV,1711820,eleito,2,0,1,0.6070686071,2,1,1
2020,1,3161700,PSD,480967,nao eleito,2,1,0,0.3929313929,2,1,1
2020,1,2210953,PT,1541192,nao eleito,2,0,1,0.4028712427,2,1,1
2020,1,2210953,MDB,14687,eleito,2,1,0,0.5971287573,2,1,1
2020,1,2312205,MDB,1807661,nao eleito,2,1,0,0.4861272371,2,1,1
2020,1,2312205,PSB,1201272,eleito,2,0,1,0.5138727629,2,1,1
2020,1,2705804,PT,1770910,eleito,2,0,1,0.5342540432,2,1,1
2020,1,2705804,PSD,1081071,nao eleito,2,1,0,0.4657459568,2,1,1
2020,1,4107603,PT,440647,nao eleito,2,0,1,0.1739683274,2,1,1
2020,1,4107603,PSD,227041,eleito,2,1,0,0.8260316726,2,1,1
2020,1,4206801,PT,267033,nao eleito,2,0,1,0.3174971031,2,1,1
2020,1,4206801,MDB,247282,eleito,2,1,0,0.6825028969,2,1,1
2020,1,4313466,PP,264327,nao eleito,2,1,0,0.4607911173,2,1,1
2020,1,4313466,PT,7679,eleito,2,0,1,0.5392088827,2,1,1
2020,1,4320321,PDT,423499,nao eleito,2,0,1,0.4624841034,2,1,1
2020,1,4320321,PSDB,928377,eleito,2,1,0,0.5375158966,2,1,1
2020,1,2306009,PT,1676682,eleito,2,0,1,0.5557411739,2,1,1
2020,1,2306009,PSD,523225,nao eleito,2,1,0,0.4442588261,2,1,1
2020,1,2609154,PP,1158654,eleito,2,1,0,0.6204129667,2,1,1
2020,1,2609154,PT,982938,nao eleito,2,0,1,0.3795870333,2,1,1
2020,1,2909604,PSB,58670,eleito,2,0,1,0.5639175258,2,1,1
2020,1,2909604,PSD,406536,nao eleito,2,1,0,0.4360824742,2,1,1
2020,1,2923704,PT,851835,eleito,2,0,1,0.593571966,2,1,1
2020,1,2923704,DEM,1428933,nao eleito,2,1,0,0.406428034,2,1,1
2020,1,2924652,PT,65392,eleito,2,0,1,0.5273972603,2,1,1
2020,1,2924652,DEM,780509,nao eleito,2,1,0,0.4726027397,2,1,1
2020,1,3145505,PP,1680503,nao eleito,2,1,0,0.2976766699,2,1,1
2020,1,3145505,PSB,1285503,eleito,2,0,1,0.7023233301,2,1,1
2020,1,4318499,PDT,797326,nao eleito,2,0,1,0.4711964549,2,1,1
2020,1,4318499,MDB,786868,eleito,2,1,0,0.5288035451,2,1,1
2020,1,5007950,PT,653020,nao eleito,2,0,1,0.3319829424,2,1,1
2020,1,5007950,PATRIOTA,880612,eleito,2,1,0,0.6680170576,2,1,1
2020,1,1501758,PDT,617658,eleito,2,0,1,0.5336639329,2,1,1
2020,1,1501758,MDB,1151565,nao eleito,2,1,0,0.4663360671,2,1,1
2020,1,2107100,PDT,221033,nao eleito,2,0,1,0.4326375712,2,1,1
2020,1,2107100,PL,212130,eleito,2,1,0,0.5673624288,2,1,1
2020,1,2207934,PP,252270,eleito,2,1,0,0.5249896737,2,1,1
2020,1,2207934,PT,16346,nao eleito,2,0,1,0.4750103263,2,1,1
2020,1,2208908,PT,723006,eleito,2,0,1,0.5958083832,2,1,1
2020,1,2208908,PTB,1532740,nao eleito,2,1,0,0.4041916168,2,1,1
2020,1,2301000,PDT,296458,nao eleito,2,0,1,0.4612401467,2,1,1
2020,1,2301000,PL,503764,eleito,2,1,0,0.5387598533,2,1,1
2020,1,2509396,REPUBLICANOS,41015,eleito,2,1,0,0.7382899628,2,1,1
2020,1,2509396,PSB,1272296,nao eleito,2,0,1,0.2617100372,2,1,1
2020,1,4108700,PSL,136077,eleito,2,1,0,0.5319040327,2,1,1
2020,1,4108700,PSB,831493,nao eleito,2,0,1,0.4680959673,2,1,1
2020,1,2504801,PDT,1601372,eleito,2,0,1,0.5463653805,2,1,1
2020,1,2504801,PSDB,1426074,nao eleito,2,1,0,0.4536346195,2,1,1
2020,1,3113800,PV,414842,nao eleito,2,0,1,0.2756339581,2,1,1
2020,1,3113800,PSDB,1317272,eleito,2,1,0,0.7243660419,2,1,1
2020,1,4219101,PT,1579173,nao eleito,2,0,1,0.3721973094,2,1,1
2020,1,4219101,PSD,359649,eleito,2,1,0,0.6278026906,2,1,1
2020,1,5107248,PDT,697011,nao eleito,2,0,1,0.1020481495,2,1,1
2020,1,5107248,PSD,777058,eleito,2,1,0,0.8979518505,2,1,1
2020,1,2201705,REPUBLICANOS,285106,eleito,2,1,0,0.6020518359,2,1,1
2020,1,2201705,PT,38457,nao eleito,2,0,1,0.3979481641,2,1,1
2020,1,2401800,MDB,178156,eleito,2,1,0,0.9671671672,2,1,1
2020,1,2401800,PSB,1275838,nao eleito,2,0,1,0.0328328328,2,1,1
2020,1,2616506,PSC,1119205,eleito,2,1,0,0.5042162698,2,1,1
2020,1,2616506,PSB,639006,nao eleito,2,0,1,0.4957837302,2,1,1
2020,1,2901957,PP,372800,eleito,2,1,0,0.5774708675,2,1,1
2020,1,2901957,PT,513995,nao eleito,2,0,1,0.4225291325,2,1,1
2020,1,3136553,PT,487142,nao eleito,2,0,1,0.3865168539,2,1,1
2020,1,3136553,PSDB,1474350,eleito,2,1,0,0.6134831461,2,1,1
2020,1,3501400,PV,21864,nao eleito,2,0,1,0.3759743237,2,1,1
2020,1,3501400,PSDB,1313354,eleito,2,1,0,0.6240256763,2,1,1
2020,1,3544400,PSB,1182727,eleito,2,0,1,0.5617021277,2,1,1
2020,1,3544400,PSDB,1181207,nao eleito,2,1,0,0.4382978723,2,1,1
2020,1,4204459,PT,178277,nao eleito,2,0,1,0.467361492,2,1,1
2020,1,4204459,PSD,350861,eleito,2,1,0,0.532638508,2,1,1
2020,1,4300059,PDT,375242,nao eleito,2,0,1,0.4952100221,2,1,1
2020,1,4300059,MDB,1198775,eleito,2,1,0,0.5047899779,2,1,1
2020,1,4302378,PP,1278041,eleito,2,1,0,0.5379537954,2,1,1
2020,1,4302378,PSB,809641,nao eleito,2,0,1,0.4620462046,2,1,1
2020,1,5105903,PSB,303102,nao eleito,2,0,1,0.4939243143,2,1,1
2020,1,5105903,PSDB,1486750,eleito,2,1,0,0.50607568570000006,2,1,1
2020,1,2101400,PDT,345764,eleito,2,0,1,0.839738275,2,1,1
2020,1,2101400,PSL,7428,nao eleito,2,1,0,0.160261725,2,1,1
2020,1,2205573,PP,204217,nao eleito,2,1,0,0.49375,2,1,1
2020,1,2205573,PT,1776437,eleito,2,0,1,0.50625,2,1,1
2020,1,2600807,REPUBLICANOS,1014949,nao eleito,2,1,0,0.3819558775,2,1,1
2020,1,2600807,PSB,644047,eleito,2,0,1,0.6180441225,2,1,1
2020,1,2904100,PL,971520,nao eleito,2,1,0,0.0616779466,2,1,1
2020,1,2904100,PSB,820724,eleito,2,0,1,0.9383220534,2,1,1
2020,1,3121308,PSB,1672487,nao eleito,2,0,1,0.3785856291,2,1,1
2020,1,3121308,PSDB,520518,eleito,2,1,0,0.6214143709,2,1,1
2020,1,3168200,DEM,798894,eleito,2,1,0,0.594739988,2,1,1
2020,1,3168200,PV,1174576,nao eleito,2,0,1,0.405260012,2,1,1
2020,1,3203304,MDB,509141,eleito,2,1,0,0.5385964912,2,1,1
2020,1,3203304,PSB,973802,nao eleito,2,0,1,0.4614035088,2,1,1
2020,1,4310850,PP,233203,eleito,2,1,0,0.5166953528,2,1,1
2020,1,4310850,PDT,1024006,nao eleito,2,0,1,0.4833046472,2,1,1
2020,1,5204003,PP,1632699,nao eleito,2,1,0,0.3606791778,2,1,1
2020,1,5204003,PDT,785899,eleito,2,0,1,0.6393208222,2,1,1
2020,1,2109759,PP,1520602,eleito,2,1,0,0.5075335397,2,1,1
2020,1,2109759,PDT,469351,nao eleito,2,0,1,0.4924664603,2,1,1
2020,1,2923357,PT,763620,nao eleito,2,0,1,0.4664631237,2,1,1
2020,1,2923357,DEM,9809,eleito,2,1,0,0.5335368763,2,1,1
2020,1,4121356,PSB,917986,nao eleito,2,0,1,0.3657587549,2,1,1
2020,1,4121356,PSDB,126345,eleito,2,1,0,0.6342412451,2,1,1
2020,1,2203354,PP,1430280,eleito,2,1,0,0.5236342503,2,1,1
2020,1,2203354,PT,520140,nao eleito,2,0,1,0.4763657497,2,1,1
2020,1,2311264,PV,983551,nao eleito,2,0,1,0.2928130478,2,1,1
2020,1,2311264,PSD,902676,eleito,2,1,0,0.7071869522,2,1,1
2020,1,2903235,PL,184503,eleito,2,1,0,0.5049977283,2,1,1
2020,1,2903235,PSB,1126733,nao eleito,2,0,1,0.4950022717,2,1,1
2020,1,4304101,PDT,342419,nao eleito,2,0,1,0.4752300071,2,1,1
2020,1,4304101,MDB,342417,eleito,2,1,0,0.5247699929,2,1,1
2020,1,4320107,PP,48123,nao eleito,2,1,0,0.4839058112,2,1,1
2020,1,4320107,PDT,7697,eleito,2,0,1,0.5160941888,2,1,1
2020,1,2401305,MDB,1509383,eleito,2,1,0,0.5623478883,2,1,1
2020,1,2401305,PSB,32488,nao eleito,2,0,1,0.4376521117,2,1,1
2020,1,2705309,PP,623844,eleito,2,1,0,0.542162305,2,1,1
2020,1,2705309,PDT,825066,nao eleito,2,0,1,0.457837695,2,1,1
2020,1,4125555,PL,232955,nao eleito,2,1,0,0.3409223584,2,1,1
2020,1,4125555,PSB,565452,eleito,2,0,1,0.6590776416,2,1,1
2020,1,4300646,PP,447064,eleito,2,1,0,0.5121850475,2,1,1
2020,1,4300646,PT,293746,nao eleito,2,0,1,0.4878149525,2,1,1
2020,1,2605152,PSB,795684,eleito,2,0,1,0.5780055063,2,1,1
2020,1,2605152,PATRIOTA,970917,nao eleito,2,1,0,0.4219944937,2,1,1
2020,1,3140530,PDT,1053336,nao eleito,2,0,1,0.3075406604,2,1,1
2020,1,3140530,PSDB,1170742,eleito,2,1,0,0.6924593396,2,1,1
2020,1,3157708,PDT,317855,nao eleito,2,0,1,0.4623223047,2,1,1
2020,1,3157708,PSDB,275218,eleito,2,1,0,0.5376776953,2,1,1
2020,1,3500758,PV,1493589,nao eleito,2,0,1,0.428111588,2,1,1
2020,1,3500758,PSD,1100194,eleito,2,1,0,0.571888412,2,1,1
2020,1,4118006,PT,242772,eleito,2,0,1,0.5690954774,2,1,1
2020,1,4118006,MDB,366432,nao eleito,2,1,0,0.4309045226,2,1,1
2020,1,4311239,PP,326401,eleito,2,1,0,0.5428033866,2,1,1
2020,1,4311239,PT,784539,nao eleito,2,0,1,0.4571966134,2,1,1
2020,1,2104503,PDT,867965,eleito,2,0,1,0.539131741,2,1,1
2020,1,2104503,PATRIOTA,1712331,nao eleito,2,1,0,0.460868259,2,1,1
2020,1,3148608,PSC,983147,nao eleito,2,1,0,0.3562566845,2,1,1
2020,1,3148608,PSB,988239,eleito,2,0,1,0.6437433155,2,1,1
2020,1,3304003,PSC,1303451,eleito,2,1,0,0.5907331308,2,1,1
2020,1,3304003,PSB,290961,nao eleito,2,0,1,0.4092668692,2,1,1
2020,1,4317707,PP,67707,eleito,2,1,0,0.5347147054,2,1,1
2020,1,4317707,PDT,759158,nao eleito,2,0,1,0.4652852946,2,1,1
2020,1,2102036,PDT,553440,eleito,2,0,1,0.5739543958,2,1,1
2020,1,2102036,PSC,199091,nao eleito,2,1,0,0.4260456042,2,1,1
2020,1,2201507,PP,52847,eleito,2,1,0,0.5318444459,2,1,1
2020,1,2201507,PSB,943574,nao eleito,2,0,1,0.4681555541,2,1,1
2020,1,2902401,PP,1449346,eleito,2,1,0,0.594829932,2,1,1
2020,1,2902401,PT,961892,nao eleito,2,0,1,0.405170068,2,1,1
2020,1,3142809,PT,300074,nao eleito,2,0,1,0.0632384382,2,1,1
2020,1,3142809,PSD,44030,eleito,2,1,0,0.9367615618,2,1,1
2020,1,2104107,PP,1714916,eleito,2,1,0,0.6378498885,2,1,1
2020,1,2104107,PDT,186159,nao eleito,2,0,1,0.3621501115,2,1,1
2020,1,2502003,PL,560044,eleito,2,1,0,0.6243164419,2,1,1
2020,1,2502003,PSB,1541649,nao eleito,2,0,1,0.3756835581,2,1,1
2020,1,2515104,REDE,1018289,nao eleito,2,0,1,0.2270105192,2,1,1
2020,1,2515104,PSDB,929018,eleito,2,1,0,0.7729894808,2,1,1
2020,1,2607703,PTB,1127105,nao eleito,2,1,0,0.4293020778,2,1,1
2020,1,2607703,PSB,295417,eleito,2,0,1,0.5706979222,2,1,1
2020,1,2913200,PP,113549,nao eleito,2,1,0,0.4816632069,2,1,1
2020,1,2913200,PSB,731205,eleito,2,0,1,0.5183367931,2,1,1
2020,1,2915700,PP,898230,eleito,2,1,0,0.7177535487,2,1,1
2020,1,2915700,PDT,1711910,nao eleito,2,0,1,0.2822464513,2,1,1
2020,1,4301750,MDB,162409,eleito,2,1,0,0.5983799321,2,1,1
2020,1,4301750,PSB,534975,nao eleito,2,0,1,0.4016200679,2,1,1
2020,1,5211701,MDB,356061,eleito,2,1,0,0.5400088417,2,1,1
2020,1,5211701,PSB,1625484,nao eleito,2,0,1,0.4599911583,2,1,1
2020,1,2202455,PP,1644796,nao eleito,2,1,0,0.3979966611,2,1,1
2020,1,2202455,PT,885906,eleito,2,0,1,0.6020033389,2,1,1
2020,1,3107604,MDB, ,nao eleito,2,1,0,0.4263021795,2,1,1
2020,1,3107604,PSB,864104,eleito,2,0,1,0.5736978205,2,1,1
2020,1,3527504,PT,1779241,nao eleito,2,0,1,0.4315789474,2,1,1
2020,1,3527504,PSDB,1744585,eleito,2,1,0,0.5684210526,2,1,1
2020,1,2202075,PP,291246,eleito,2,1,0,0.5702587619,2,1,1
2020,1,2202075,PT,95598,nao eleito,2,0,1,0.4297412381,2,1,1
2020,1,2209377,PP,1703995,nao eleito,2,1,0,0.4455862978,2,1,1
2020,1,2209377,PT,1614069,eleito,2,0,1,0.5544137022,2,1,1
2020,1,2313609,PDT,1208745,eleito,2,0,1,0.5773654092,2,1,1
2020,1,2313609,PSD,1297695,nao eleito,2,1,0,0.4226345908,2,1,1
2020,1,2511707,PSB,868731,nao eleito,2,0,1,0.4732788798,2,1,1
2020,1,2511707,PSDB,758514,eleito,2,1,0,0.5267211202,2,1,1
2020,1,2608206,PTB,1107719,eleito,2,1,0,0.5231706157,2,1,1
2020,1,2608206,PSB,210073,nao eleito,2,0,1,0.4768293843,2,1,1
2020,1,2705705,PP,1042402,eleito,2,1,0,0.9906823394,2,1,1
2020,1,2705705,PT,859438,nao eleito,2,0,1,0.0093176606,2,1,1
2020,1,2921807,PT,1679994,eleito,2,0,1,0.5717693279,2,1,1
2020,1,2921807,PSD,208675,nao eleito,2,1,0,0.4282306721,2,1,1
2020,1,3114709,PT,100171,nao eleito,2,0,1,0.4787833271,2,1,1
2020,1,3114709,DEM,275585,eleito,2,1,0,0.5212166729,2,1,1
2020,1,3119906,PDT,252887,nao eleito,2,0,1,0.4403892944,2,1,1
2020,1,3119906,PL,455832,eleito,2,1,0,0.5596107056,2,1,1
2020,1,5106216,PDT,856501,eleito,2,0,1,0.9266136163,2,1,1
2020,1,5106216,DEM,699064,nao eleito,2,1,0,0.0733863837,2,1,1
2020,1,5207535,PDT,232597,eleito,2,0,1,0.5555996823,2,1,1
2020,1,5207535,PSC,1404928,nao eleito,2,1,0,0.4444003177,2,1,1
2020,1,1700251,PT,740368,eleito,2,0,1,0.5370274469,2,1,1
2020,1,1700251,PSD,165703,nao eleito,2,1,0,0.4629725531,2,1,1
2020,1,2203859,PTB,755410,eleito,2,1,0,0.8556547619,2,1,1
2020,1,2203859,PSB,744159,nao eleito,2,0,1,0.1443452381,2,1,1
2020,1,2703700,MDB,954711,eleito,2,1,0,0.553759302,2,1,1
2020,1,2703700,PSB,822388,nao eleito,2,0,1,0.446240698,2,1,1
2020,1,2910206,PT,846052,eleito,2,0,1,0.5237559741,2,1,1
2020,1,2910206,PSD,1498338,nao eleito,2,1,0,0.4762440259,2,1,1
2020,1,3132206,PT,1217605,nao eleito,2,0,1,0.0837876614,2,1,1
2020,1,3132206,PSDB,98299,eleito,2,1,0,0.9162123386,2,1,1
2020,1,3145109,PT,601206,nao eleito,2,0,1,0.378915911,2,1,1
2020,1,3145109,PSL,789320,eleito,2,1,0,0.621084089,2,1,1
2020,1,3161502,PT,1716817,nao eleito,2,0,1,0.2895971842,2,1,1
2020,1,3161502,PSDB,403271,eleito,2,1,0,0.7104028158,2,1,1
2020,1,4116307,DEM,559733,nao eleito,2,1,0,0.9204368175,2,1,1
2020,1,4116307,PV,915701,nao eleito,2,0,1,0.0795631825,2,1,1
2020,1,1718659,PT,288410,eleito,2,0,1,0.5111876076,2,1,1
2020,1,1718659,DEM,809552,nao eleito,2,1,0,0.4888123924,2,1,1
2020,1,2303006,PDT,1628101,eleito,2,0,1,0.5251327562,2,1,1
2020,1,2303006,PTB,919124,nao eleito,2,1,0,0.4748672438,2,1,1
2020,1,2612000,PL,950811,eleito,2,1,0,0.5376308901,2,1,1
2020,1,2612000,PSB,913265,nao eleito,2,0,1,0.4623691099,2,1,1
2020,1,4308250,PT,1621560,nao eleito,2,0,1,0.4388571429,2,1,1
2020,1,4308250,MDB,76270,eleito,2,1,0,0.5611428571,2,1,1
2020,1,2301851,PDT,114739,eleito,2,0,1,0.5979598719,2,1,1
2020,1,2301851,PSD,1144211,nao eleito,2,1,0,0.4020401281,2,1,1
2020,1,2311108,PT,229297,nao eleito,2,0,1,0.4822116266,2,1,1
2020,1,2311108,PTB,1581169,eleito,2,1,0,0.5177883734,2,1,1
2020,1,2921609,PT,1109697,eleito,2,0,1,0.5398659966,2,1,1
2020,1,2921609,PSD,359056,nao eleito,2,1,0,0.4601340034,2,1,1
2020,1,3156205,REPUBLICANOS,1129208,eleito,2,1,0,0.5182044888,2,1,1
2020,1,3156205,PT,411803,nao eleito,2,0,1,0.4817955112,2,1,1
2020,1,3169059,PSB,1141084,nao eleito,2,0,1,0.413761746,2,1,1
2020,1,3169059,PSDB,1058191,eleito,2,1,0,0.586238254,2,1,1
2020,1,3528106,PV,146970,eleito,2,0,1,0.5714903742,2,1,1
2020,1,3528106,PSDB,1334414,nao eleito,2,1,0,0.4285096258,2,1,1
2020,1,4124202,PP,1519421,nao eleito,2,1,0,0.46812749,2,1,1
2020,1,4124202,PSB,1082969,eleito,2,0,1,0.53187251,2,1,1
2020,1,4320230,PP,901683,eleito,2,1,0,0.5233688107,2,1,1
2020,1,4320230,PT,798370,nao eleito,2,0,1,0.4766311893,2,1,1
2020,1,2201804,PP,1304486,eleito,2,1,0,0.5778785915,2,1,1
2020,1,2201804,PT,274414,nao eleito,2,0,1,0.4221214085,2,1,1
2020,1,2205953,PP,716532,eleito,2,1,0,0.5427025199,2,1,1
2020,1,2205953,PT,1069452,nao eleito,2,0,1,0.4572974801,2,1,1
2020,1,2919009,PT,1708321,nao eleito,2,0,1,0.4000709975,2,1,1
2020,1,2919009,PSD,14571,eleito,2,1,0,0.5999290025,2,1,1
2020,1,3155108,PSB,505784,eleito,2,0,1,0.6176470588,2,1,1
2020,1,3155108,PSDB,1449552,nao eleito,2,1,0,0.3823529412,2,1,1
2020,1,4102752,PP,808481,nao eleito,2,1,0,0.4857685009,2,1,1
2020,1,4102752,PDT,690451,eleito,2,0,1,0.5142314991,2,1,1
2020,1,4110201,PSB,712122,nao eleito,2,0,1,0.4286787915,2,1,1
2020,1,4110201,PSD,516282,eleito,2,1,0,0.5713212085,2,1,1
2020,1,4302600,PT,45768,nao eleito,2,0,1,0.4782436709,2,1,1
2020,1,4302600,MDB,326459,eleito,2,1,0,0.5217563291,2,1,1
2020,1,4315156,PP,1757930,eleito,2,1,0,0.5293580078,2,1,1
2020,1,4315156,PDT,191034,nao eleito,2,0,1,0.4706419922,2,1,1
2020,1,5216452,PT,1775581,nao eleito,2,0,1,0.3713425129,2,1,1
2020,1,5216452,DEM,939593,eleito,2,1,0,0.6286574871,2,1,1
2020,1,2807600,PT,769680,nao eleito,2,0,1,0.2377254902,2,1,1
2020,1,2807600,MDB,822165,eleito,2,1,0,0.7622745098,2,1,1
2020,1,3502002,REPUBLICANOS,577091,eleito,2,1,0,0.7102993404,2,1,1
2020,1,3502002,PDT,1496228,nao eleito,2,0,1,0.2897006596,2,1,1
2020,1,4210704,PDT,204438,eleito,2,0,1,0.51700345,2,1,1
2020,1,4210704,MDB,1084409,nao eleito,2,1,0,0.48299655,2,1,1
2020,1,4214201,PT,375262,nao eleito,2,0,1,0.4768240971,2,1,1
2020,1,4214201,PSL,399403,eleito,2,1,0,0.5231759029,2,1,1
2020,1,2605301,REPUBLICANOS,1676059,nao eleito,2,1,0,0.4817079088,2,1,1
2020,1,2605301,PSB,1082829,eleito,2,0,1,0.5182920912,2,1,1
2020,1,2918555,PT,843775,nao eleito,2,0,1,0.2788381743,2,1,1
2020,1,2918555,PSD,231330,eleito,2,1,0,0.7211618257,2,1,1
2020,1,3102209,REPUBLICANOS,1297258,nao eleito,2,1,0,0.4927726675,2,1,1
2020,1,3102209,PV,527028,eleito,2,0,1,0.5072273325,2,1,1
2020,1,3145455,PP,705781,eleito,2,1,0,0.5046175704,2,1,1
2020,1,3145455,PT,616248,nao eleito,2,0,1,0.4953824296,2,1,1
2020,1,4321303,PDT,374063,eleito,2,0,1,0.697099817,2,1,1
2020,1,4321303,PSDB,839762,nao eleito,2,1,0,0.302900183,2,1,1
2020,1,2610905,DEM,1403350,nao eleito,2,1,0,0.9396208187,2,1,1
2020,1,2610905,PSOL,1782225,nao eleito,2,0,1,0.0603791813,2,1,1
2020,1,3152907,PL,855619,eleito,2,1,0,0.6954820349,2,1,1
2020,1,3152907,PSB,858110,nao eleito,2,0,1,0.3045179651,2,1,1
2020,1,4300307,PDT,19252,eleito,2,0,1,0.5110309716,2,1,1
2020,1,4300307,MDB,116255,nao eleito,2,1,0,0.4889690284,2,1,1
2020,1,4323200,PDT,624729,nao eleito,2,0,1,0.4314789688,2,1,1
2020,1,4323200,MDB,233998,eleito,2,1,0,0.5685210312,2,1,1
2020,1,2109700,PP,1644429,eleito,2,1,0,0.5460472698,2,1,1
2020,1,2109700,PDT,711009,nao eleito,2,0,1,0.4539527302,2,1,1
2020,1,2509404,PDT,1240691,nao eleito,2,0,1,0.4406472648,2,1,1
2020,1,2509404,PL,727322,eleito,2,1,0,0.5593527352,2,1,1
2020,1,2602001,DEM,1129604,nao eleito,2,1,0,0.4749938042,2,1,1
2020,1,2602001,PSB,1069565,eleito,2,0,1,0.5250061958,2,1,1
2020,1,2920106,PT,1711279,eleito,2,0,1,0.5613379242,2,1,1
2020,1,2920106,PSD,1268389,nao eleito,2,1,0,0.4386620758,2,1,1
2020,1,3148400,PT,734969,nao eleito,2,0,1,0.2069732938,2,1,1
2020,1,3148400,MDB,597170,eleito,2,1,0,0.7930267062,2,1,1
2020,1,4103024,PP,885473,eleito,2,1,0,0.5063538612,2,1,1
2020,1,4103024,PT,605536,nao eleito,2,0,1,0.4936461388,2,1,1
2020,1,4321956,PT,82112,eleito,2,0,1,0.5004585053,2,1,1
2020,1,4321956,PSDB,327010,nao eleito,2,1,0,0.4995414947,2,1,1
2020,1,5218052,PL,1426504,nao eleito,2,1,0,0.4398042414,2,1,1
2020,1,5218052,PSB,1626866,eleito,2,0,1,0.5601957586,2,1,1
2020,1,2205359,PT,1772738,nao eleito,2,0,1,0.4287719298,2,1,1
2020,1,2205359,PSD,1672137,eleito,2,1,0,0.5712280702,2,1,1
2020,1,2209005,PP,240274,eleito,2,1,0,0.6466352123,2,1,1
2020,1,2209005,PT,325127,nao eleito,2,0,1,0.3533647877,2,1,1
2020,1,2311603,PDT,969005,eleito,2,0,1,0.9618384045,2,1,1
2020,1,2311603,PSDB,707535,nao eleito,2,1,0,0.0381615955,2,1,1
2020,1,2903276,PT,524841,nao eleito,2,0,1,0.4288344688,2,1,1
2020,1,2903276,PSD,754739,eleito,2,1,0,0.5711655312,2,1,1
2020,1,3143708,PDT,1142663,eleito,2,0,1,0.5450629556,2,1,1
2020,1,3143708,MDB,251362,nao eleito,2,1,0,0.4549370444,2,1,1
2020,1,4316956,PP,1687453,nao eleito,2,1,0,0.2010344052,2,1,1
2020,1,4316956,PDT,305165,eleito,2,0,1,0.7989655948,2,1,1
2020,1,4321469,PP,201867,nao eleito,2,1,0,0.2870879121,2,1,1
2020,1,4321469,PDT,1450420,eleito,2,0,1,0.7129120879,2,1,1
2020,1,2110302,PDT,625830,eleito,2,0,1,0.9837125749,2,1,1
2020,1,2110302,PL,707398,nao eleito,2,1,0,0.0162874251,2,1,1
2020,1,2306207,PDT,1571372,eleito,2,0,1,0.5130581297,2,1,1
2020,1,2306207,PSD,1474456,nao eleito,2,1,0,0.4869418703,2,1,1
2020,1,3126307,PSB,685314,eleito,2,0,1,0.6015561016,2,1,1
2020,1,3126307,SOLIDARIEDADE,685324,nao eleito,2,1,0,0.3984438984,2,1,1
2020,1,4115507,PT,394631,nao eleito,2,0,1,0.4044689119,2,1,1
2020,1,4115507,PSD,406968,eleito,2,1,0,0.5955310881,2,1,1
2020,1,5008404,PDT,825744,nao eleito,2,0,1,0.3027421495,2,1,1
2020,1,5008404,PSDB,704938,eleito,2,1,0,0.6972578505,2,1,1
2020,1,2411429,PT,837266,nao eleito,2,0,1,0.3074418605,2,1,1
2020,1,2411429,PSD,1480227,eleito,2,1,0,0.6925581395,2,1,1
2020,1,2513356,REPUBLICANOS,549297,nao eleito,2,1,0,0.4196400379,2,1,1
2020,1,2513356,PDT,96282,eleito,2,0,1,0.5803599621,2,1,1
2020,1,2905305,PL,164487,eleito,2,1,0,0.5050865142,2,1,1
2020,1,2905305,PSB,59999,nao eleito,2,0,1,0.4949134858,2,1,1
2020,1,3166709,PDT,723836,eleito,2,0,1,0.6145635674,2,1,1
2020,1,3166709,PATRIOTA,985929,nao eleito,2,1,0,0.3854364326,2,1,1
2020,1,4214151,PT,176026,nao eleito,2,0,1,0.4223322828,2,1,1
2020,1,4214151,MDB,1177270,eleito,2,1,0,0.5776677172,2,1,1
2020,1,2105948,PDT,1574808,nao eleito,2,0,1,0.3290651034,2,1,1
2020,1,2105948,DEM,224900,eleito,2,1,0,0.6709348966,2,1,1
2020,1,2201556,PT,1534165,eleito,2,0,1,0.5526485788,2,1,1
2020,1,2201556,PSD,844758,nao eleito,2,1,0,0.4473514212,2,1,1
2020,1,2509156,PDT,1151258,nao eleito,2,0,1,0.4609497645,2,1,1
2020,1,2509156,PSDB,1558980,eleito,2,1,0,0.5390502355,2,1,1
2020,1,3121100,PDT,1105709,nao eleito,2,0,1,0.1402221341,2,1,1
2020,1,3121100,PSD,474514,eleito,2,1,0,0.8597778659,2,1,1
2020,1,3157005,PDT,398257,eleito,2,0,1,0.5786074856,2,1,1
2020,1,3157005,PSD,193593,nao eleito,2,1,0,0.4213925144,2,1,1
2020,1,4121802,PSC,1508928,nao eleito,2,1,0,0.3950864162,2,1,1
2020,1,4121802,PSB,1805208,eleito,2,0,1,0.6049135838,2,1,1
2020,1,4318614,PDT,441490,nao eleito,2,0,1,0.3905529954,2,1,1
2020,1,4318614,PSD,650499,eleito,2,1,0,0.6094470046,2,1,1
2020,1,2607950,PSB,845942,nao eleito,2,0,1,0.4617141322,2,1,1
2020,1,2607950,PSD,1554621,eleito,2,1,0,0.5382858678,2,1,1
2020,1,2616100,PSB,369391,eleito,2,0,1,0.6674500588,2,1,1
2020,1,2616100,PSDB,1103033,nao eleito,2,1,0,0.3325499412,2,1,1
2020,1,3129004,PT,1060870,nao eleito,2,0,1,0.4269165247,2,1,1
2020,1,3129004,PSL,1325525,eleito,2,1,0,0.5730834753,2,1,1
2020,1,4116505,PP,1493,nao eleito,2,1,0,0.362601626,2,1,1
2020,1,4116505,PSB,641560,eleito,2,0,1,0.637398374,2,1,1
2020,1,5206602,PP,1659590,nao eleito,2,1,0,0.1012778041,2,1,1
2020,1,5206602,PDT,767737,eleito,2,0,1,0.8987221959,2,1,1
2020,1,2208551,PT,917022,nao eleito,2,0,1,0.4080425784,2,1,1
2020,1,2208551,MDB,343112,eleito,2,1,0,0.5919574216,2,1,1
2020,1,3165107,PDT,989923,nao eleito,2,0,1,0.4474799812,2,1,1
2020,1,3165107,PL,293023,eleito,2,1,0,0.5525200188,2,1,1
2020,1,4314027,PDT,1428227,eleito,2,0,1,0.5017528484,2,1,1
2020,1,4314027,MDB,841887,nao eleito,2,1,0,0.4982471516,2,1,1
2020,1,2111078,REPUBLICANOS,469110,eleito,2,1,0,0.5832305795,2,1,1
2020,1,2111078,PDT,1509633,nao eleito,2,0,1,0.4167694205,2,1,1
2020,1,4113759,PT,1264556,nao eleito,2,0,1,0.1942083727,2,1,1
2020,1,4113759,PSD,930502,eleito,2,1,0,0.8057916273,2,1,1
2020,1,4314787,REPUBLICANOS,195180,nao eleito,2,1,0,0.4051776039,2,1,1
2020,1,4314787,PT,1667010,eleito,2,0,1,0.5948223961,2,1,1
2020,1,4320578,PT,861968,eleito,2,0,1,0.6092673763,2,1,1
2020,1,4320578,MDB,1613891,nao eleito,2,1,0,0.3907326237,2,1,1
2020,1,5209150,PDT,798065,eleito,2,0,1,0.5922204214,2,1,1
2020,1,5209150,MDB,409780,nao eleito,2,1,0,0.4077795786,2,1,1
2020,1,2105609,REPUBLICANOS,374989,nao eleito,2,1,0,0.4520026121,2,1,1
2020,1,2105609,PDT,1022522,eleito,2,0,1,0.5479973879,2,1,1
2020,1,2300309,PDT,1353755,nao eleito,2,0,1,0.4928875108,2,1,1
2020,1,2300309,MDB,1390684,eleito,2,1,0,0.5071124892,2,1,1
2020,1,2300408,PSB,1161853,nao eleito,2,0,1,0.2681969553,2,1,1
2020,1,2300408,PSD,712881,eleito,2,1,0,0.7318030447,2,1,1
2020,1,2403509,PSB,1021658,nao eleito,2,0,1,0.1210359408,2,1,1
2020,1,2403509,PSDB,260999,eleito,2,1,0,0.8789640592,2,1,1
2020,1,2413607,REPUBLICANOS,1618774,eleito,2,1,0,0.5171681416,2,1,1
2020,1,2413607,PSB,925794,nao eleito,2,0,1,0.4828318584,2,1,1
2020,1,2607406,MDB,1178127,eleito,2,1,0,0.6006322445,2,1,1
2020,1,2607406,PSB,962620,nao eleito,2,0,1,0.3993677555,2,1,1
2020,1,2924306,PP,59069,nao eleito,2,1,0,0.4717084639,2,1,1
2020,1,2924306,PDT,486411,eleito,2,0,1,0.5282915361,2,1,1
2020,1,5204607,PDT,824922,eleito,2,0,1,0.7957678743,2,1,1
2020,1,5204607,PSL,750935,nao eleito,2,1,0,0.2042321257,2,1,1
2020,1,4204400,PP,532629,eleito,2,1,0,0.6757238307,2,1,1
2020,1,4204400,PT,851616,nao eleito,2,0,1,0.3242761693,2,1,1
2020,1,4301404,PP,196236,eleito,2,1,0,0.5441038683,2,1,1
2020,1,4301404,PDT,559534,nao eleito,2,0,1,0.4558961317,2,1,1
2020,1,1503457,PT,712088,nao eleito,2,0,1,0.4809219232,2,1,1
2020,1,1503457,PSD,471822,eleito,2,1,0,0.5190780768,2,1,1
2020,1,2207405,PP,1666431,eleito,2,1,0,0.5362742493,2,1,1
2020,1,2207405,PT,546797,nao eleito,2,0,1,0.4637257507,2,1,1
2020,1,2919926,PTB,470029,nao eleito,2,1,0,0.4055725191,2,1,1
2020,1,2919926,PSB,278052,eleito,2,0,1,0.5944274809,2,1,1
2020,1,3124609,PSB,1230843,eleito,2,0,1,0.5609958506,2,1,1
2020,1,3124609,PATRIOTA,1727646,nao eleito,2,1,0,0.4390041494,2,1,1
2020,1,4215356,PP,44844,nao eleito,2,1,0,0.4639103013,2,1,1
2020,1,4215356,PT,1165172,eleito,2,0,1,0.5360896987,2,1,1
2020,1,4306056,PSB,828944,nao eleito,2,0,1,0.4180471643,2,1,1
2020,1,4306056,PSDB,861084,eleito,2,1,0,0.5819528357,2,1,1
2020,1,4306429,PT,239639,nao eleito,2,0,1,0.4051073709,2,1,1
2020,1,4306429,MDB,239643,eleito,2,1,0,0.5948926291,2,1,1
2020,1,4307500,PDT,955969,eleito,2,0,1,0.6532006833,2,1,1
2020,1,4307500,MDB,725470,nao eleito,2,1,0,0.3467993167,2,1,1
2020,1,4309506,PDT,1778837,nao eleito,2,0,1,0.4676966292,2,1,1
2020,1,4309506,MDB,16702,eleito,2,1,0,0.5323033708,2,1,1
2020,1,1101757,PDT,1670498,nao eleito,2,0,1,0.3184685665,2,1,1
2020,1,1101757,MDB,1805173,eleito,2,1,0,0.6815314335,2,1,1
2020,1,1200336,PT,34807,eleito,2,0,1,0.5432343234,2,1,1
2020,1,1200336,MDB,369794,nao eleito,2,1,0,0.4567656766,2,1,1
2020,1,1503077,MDB,144101,nao eleito,2,1,0,0.4161642691,2,1,1
2020,1,1503077,PSB,15694,eleito,2,0,1,0.5838357309,2,1,1
2020,1,2200301,PT,873765,nao eleito,2,0,1,0.4913758921,2,1,1
2020,1,2200301,PSD,1633169,eleito,2,1,0,0.5086241079,2,1,1
2020,1,2604155,PDT,862665,nao eleito,2,0,1,0.0335341365,2,1,1
2020,1,2604155,DEM,1054642,eleito,2,1,0,0.9664658635,2,1,1
2020,1,2605400,PSB,942409,nao eleito,2,0,1,0.3953087271,2,1,1
2020,1,2605400,PSD,1135940,eleito,2,1,0,0.6046912729,2,1,1
2020,1,3148756,PP,1415841,nao eleito,2,1,0,0.4760931753,2,1,1
2020,1,3148756,PT,306198,eleito,2,0,1,0.5239068247,2,1,1
2020,1,3204500,PTB,398599,eleito,2,1,0,0.6223944415,2,1,1
2020,1,3204500,PSB,221048,nao eleito,2,0,1,0.3776055585,2,1,1
2020,1,4126272,PDT,661251,nao eleito,2,0,1,0.4942583732,2,1,1
2020,1,4126272,PSD,1253759,eleito,2,1,0,0.5057416268,2,1,1
2020,1,4307054,PP,130611,eleito,2,1,0,0.5402922756,2,1,1
2020,1,4307054,PDT,1349823,nao eleito,2,0,1,0.4597077244,2,1,1
2020,1,4322558,PP,81349,nao eleito,2,1,0,0.4608923885,2,1,1
2020,1,4322558,PDT,898489,eleito,2,0,1,0.5391076115,2,1,1
2020,1,5002951,PT,176740,nao eleito,2,0,1,0.0903644954,2,1,1
2020,1,5002951,PSDB,1652090,eleito,2,1,0,0.9096355046,2,1,1
2020,1,2210375,PP,857320,eleito,2,1,0,0.534904014,2,1,1
2020,1,2210375,PT,38093,nao eleito,2,0,1,0.465095986,2,1,1
2020,1,2210631,PV,788598,nao eleito,2,0,1,0.1539153915,2,1,1
2020,1,2210631,PSD,175086,eleito,2,1,0,0.8460846085,2,1,1
2020,1,2608107,PSB,1552590,eleito,2,0,1,0.5138050734,2,1,1
2020,1,2608107,PSD,1100988,nao eleito,2,1,0,0.4861949266,2,1,1
2020,1,2917409,PT,796355,nao eleito,2,0,1,0.3206867571,2,1,1
2020,1,2917409,PSD,1617914,eleito,2,1,0,0.6793132429,2,1,1
2020,1,3162906,MDB,1161484,nao eleito,2,1,0,0.3444064485,2,1,1
2020,1,3162906,PSB,397993,eleito,2,0,1,0.6555935515,2,1,1
2020,1,4304853,REPUBLICANOS,1468732,nao eleito,2,1,0,0.4857142857,2,1,1
2020,1,4304853,PT,785144,eleito,2,0,1,0.5142857143,2,1,1
2020,1,4314548,PDT,374641,nao eleito,2,0,1,0.3671641791,2,1,1
2020,1,4314548,MDB,1784304,eleito,2,1,0,0.6328358209,2,1,1
2020,1,2308807,PDT,1770094,eleito,2,0,1,0.5444461562,2,1,1
2020,1,2308807,PSD,986982,nao eleito,2,1,0,0.4555538438,2,1,1
2020,1,2802007,PP,670252,eleito,2,1,0,0.5832837597,2,1,1
2020,1,2802007,PDT, ,nao eleito,2,0,1,0.4167162403,2,1,1
2020,1,2802601,PSB,899041,nao eleito,2,0,1,0.4752629529,2,1,1
2020,1,2802601,PSD,1666473,eleito,2,1,0,0.5247370471,2,1,1
2020,1,4313011,PP,896607,nao eleito,2,1,0,0.4774933804,2,1,1
2020,1,4313011,PDT,27207,eleito,2,0,1,0.5225066196,2,1,1
2020,1,5106828,PSB,358382,nao eleito,2,0,1,0.3633327148,2,1,1
2020,1,5106828,PSD,1758196,eleito,2,1,0,0.6366672852,2,1,1
2020,1,2202174,PT,1540225,nao eleito,2,0,1,0.3479130217,2,1,1
2020,1,2202174,PSD,799482,eleito,2,1,0,0.6520869783,2,1,1
2020,1,2900603,PP,427820,eleito,2,1,0,0.5350553506,2,1,1
2020,1,2900603,PDT,864302,nao eleito,2,0,1,0.4649446494,2,1,1
2020,1,2913002,PT,1412398,nao eleito,2,0,1,0.4642089424,2,1,1
2020,1,2913002,PSD,775064,eleito,2,1,0,0.5357910576,2,1,1
2020,1,4313102,MDB,395272,eleito,2,1,0,0.527442496,2,1,1
2020,1,4313102,PSB,224672,nao eleito,2,0,1,0.472557504,2,1,1
2020,1,5107776,MDB,986527,nao eleito,2,1,0,0.2997118156,2,1,1
2020,1,5107776,PSB,70998,eleito,2,0,1,0.7002881844,2,1,1
2020,1,2204808,PP,1236662,nao eleito,2,1,0,0.4742847693,2,1,1
2020,1,2204808,PT,768244,eleito,2,0,1,0.5257152307,2,1,1
2020,1,4206603,PT,1152391,eleito,2,0,1,0.5880048222,2,1,1
2020,1,4206603,PSD,434644,nao eleito,2,1,0,0.4119951778,2,1,1
2020,1,2202729,REPUBLICANOS,782861,nao eleito,2,1,0,0.4130587409,2,1,1
2020,1,2202729,PT,134791,eleito,2,0,1,0.5869412591,2,1,1
2020,1,2504157,PL,602759,eleito,2,1,0,0.6719263642,2,1,1
2020,1,2504157,PSB,853727,nao eleito,2,0,1,0.3280736358,2,1,1
2020,1,2504306,PT,1679550,nao eleito,2,0,1,0.3427763859,2,1,1
2020,1,2504306,DEM,636717,eleito,2,1,0,0.6572236141,2,1,1
2020,1,4217501,PDT,887807,nao eleito,2,0,1,0.4296854231,2,1,1
2020,1,4217501,PSD,90170,eleito,2,1,0,0.5703145769,2,1,1
2020,1,5108105,MDB,1717459,nao eleito,2,1,0,0.4917825537,2,1,1
2020,1,5108105,PSB,1278752,eleito,2,0,1,0.5082174463,2,1,1
2020,1,2105203,PDT,453565,eleito,2,0,1,0.8444094488,2,1,1
2020,1,2105203,PSL,278332,nao eleito,2,1,0,0.1555905512,2,1,1
2020,1,2606903,MDB,918345,nao eleito,2,1,0,0.4205593791,2,1,1
2020,1,2606903,PSB,232618,eleito,2,0,1,0.5794406209,2,1,1
2020,1,2806800,PT,1404046,eleito,2,0,1,0.5157795572,2,1,1
2020,1,2806800,DEM,946028,nao eleito,2,1,0,0.4842204428,2,1,1
2020,1,2917706,PT,1077872,eleito,2,0,1,0.5395596835,2,1,1
2020,1,2917706,PSDB,879293,nao eleito,2,1,0,0.4604403165,2,1,1
2020,1,2921203,PT,14591,eleito,2,0,1,0.5181625348,2,1,1
2020,1,2921203,SOLIDARIEDADE,1165796,nao eleito,2,1,0,0.4818374652,2,1,1
2020,1,2931608,PP,1484193,eleito,2,1,0,0.575311943,2,1,1
2020,1,2931608,PSB,489989,nao eleito,2,0,1,0.424688057,2,1,1
2020,1,3542008,PSC,1707024,eleito,2,1,0,0.5608736059,2,1,1
2020,1,3542008,PV,160995,nao eleito,2,0,1,0.4391263941,2,1,1
2020,1,4103305,PDT,450070,eleito,2,0,1,0.5198764956,2,1,1
2020,1,4103305,PSL,1214691,nao eleito,2,1,0,0.4801235044,2,1,1
2020,1,4212650,PDT,349221,nao eleito,2,0,1,0.2692669173,2,1,1
2020,1,4212650,MDB,805803,eleito,2,1,0,0.7307330827,2,1,1
2020,1,4318465,PDT,537754,eleito,2,0,1,0.5670103093,2,1,1
2020,1,4318465,MDB,1560973,nao eleito,2,1,0,0.4329896907,2,1,1
2020,1,2208601,PP,1489732,eleito,2,1,0,0.5263157895,2,1,1
2020,1,2208601,PT,214655,nao eleito,2,0,1,0.4736842105,2,1,1
2020,1,2209104,PTB,963473,eleito,2,1,0,0.6493909192,2,1,1
2020,1,2209104,PSB,508027,nao eleito,2,0,1,0.3506090808,2,1,1
2020,1,2301109,PTB,356180,eleito,2,1,0,0.5568121125,2,1,1
2020,1,2301109,PSB,1095574,nao eleito,2,0,1,0.4431878875,2,1,1
2020,1,2304269,PDT,986629,eleito,2,0,1,0.5259943885,2,1,1
2020,1,2304269,PSD,48024,nao eleito,2,1,0,0.4740056115,2,1,1
2020,1,2309003,PDT,1453744,eleito,2,0,1,0.5900855049,2,1,1
2020,1,2309003,PL,139905,nao eleito,2,1,0,0.4099144951,2,1,1
2020,1,2309201,PP,1262974,eleito,2,1,0,0.6794055202,2,1,1
2020,1,2309201,PT,4745,nao eleito,2,0,1,0.3205944798,2,1,1
2020,1,2412104,MDB,1468988,eleito,2,1,0,0.5083965954,2,1,1
2020,1,2412104,PSB,1098153,nao eleito,2,0,1,0.4916034046,2,1,1
2020,1,3140100,MDB,297168,eleito,2,1,0,0.5708442886,2,1,1
2020,1,3140100,PSB,1283860,nao eleito,2,0,1,0.4291557114,2,1,1
2020,1,3164902,PV,532310,eleito,2,0,1,0.5759007679,2,1,1
2020,1,3164902,PSD,1111515,nao eleito,2,1,0,0.4240992321,2,1,1
2020,1,3529104,MDB,1157962,nao eleito,2,1,0,0.30800269,2,1,1
2020,1,3529104,PSB, ,eleito,2,0,1,0.69199731,2,1,1
2020,1,4100459,PT,702881,eleito,2,0,1,0.6004250797,2,1,1
2020,1,4100459,DEM,1217520,nao eleito,2,1,0,0.3995749203,2,1,1
2020,1,4120200,PT,385289,nao eleito,2,0,1,0.1818618042,2,1,1
2020,1,4120200,PSD,1039050,eleito,2,1,0,0.8181381958,2,1,1
2020,1,4301859,PT,644686,eleito,2,0,1,0.5498476273,2,1,1
2020,1,4301859,MDB,412543,nao eleito,2,1,0,0.4501523727,2,1,1
2020,1,2512747,PDT,693819,nao eleito,2,0,1,0.460028551,2,1,1
2020,1,2512747,PSDB,1787181,eleito,2,1,0,0.539971449,2,1,1
2020,1,3146909,PT,471371,nao eleito,2,0,1,0.1325712939,2,1,1
2020,1,3146909,PSDB,329982,eleito,2,1,0,0.8674287061,2,1,1
2020,1,4103156,PP,624003,eleito,2,1,0,0.5291569477,2,1,1
2020,1,4103156,PT,1099812,nao eleito,2,0,1,0.4708430523,2,1,1
2020,1,2102705,PP,634743,nao eleito,2,1,0,0.4360541659,2,1,1
2020,1,2102705,PDT,1520982,eleito,2,0,1,0.5639458341,2,1,1
2020,1,2508802,PDT,1258074,eleito,2,0,1,0.6558809636,2,1,1
2020,1,2508802,PL,1086390,nao eleito,2,1,0,0.3441190364,2,1,1
2020,1,3160207,PDT,1172583,eleito,2,0,1,0.7173642768,2,1,1
2020,1,3160207,PSD,1427876,nao eleito,2,1,0,0.2826357232,2,1,1
2020,1,4101101,PT,1219477,nao eleito,2,0,1,0.0746417445,2,1,1
2020,1,4101101,PSD,461391,eleito,2,1,0,0.9253582555,2,1,1
2020,1,4217956,PT,991854,nao eleito,2,0,1,0.4124783362,2,1,1
2020,1,4217956,MDB,412872,eleito,2,1,0,0.5875216638,2,1,1
2020,1,2201150,PSB,1160666,eleito,2,0,1,0.5210551791,2,1,1
2020,1,2201150,PSD,1488019,nao eleito,2,1,0,0.4789448209,2,1,1
2020,1,2607307,DEM,1144994,nao eleito,2,1,0,0.4234166978,2,1,1
2020,1,2607307,PSB,425928,eleito,2,0,1,0.5765833022,2,1,1
2020,1,3542404,PSB,1388870,nao eleito,2,0,1,0.0545342191,2,1,1
2020,1,3542404,PSDB,1501733,eleito,2,1,0,0.9454657809,2,1,1
2020,1,4214102,PDT,956357,nao eleito,2,0,1,0.4646414343,2,1,1
2020,1,4214102,MDB,437099,eleito,2,1,0,0.5353585657,2,1,1
2020,1,4322525,MDB,506362,eleito,2,1,0,0.5641791045,2,1,1
2020,1,4322525,PSB,341296,nao eleito,2,0,1,0.4358208955,2,1,1
2020,1,2400307,PT,600545,eleito,2,0,1,0.5087806701,2,1,1
2020,1,2400307,PSDB,1081852,nao eleito,2,1,0,0.4912193299,2,1,1
2020,1,2804102,PL,463548,nao eleito,2,1,0,0.4914293427,2,1,1
2020,1,2804102,PSB,497654,eleito,2,0,1,0.5085706573,2,1,1
2020,1,3106903,REPUBLICANOS,14890,nao eleito,2,1,0,0.4282156643,2,1,1
2020,1,3106903,PSB,803322,eleito,2,0,1,0.5717843357,2,1,1
2020,1,4314209,PT,1735683,nao eleito,2,0,1,0.4505796817,2,1,1
2020,1,4314209,MDB,1532342,eleito,2,1,0,0.5494203183,2,1,1
2020,1,1720804,MDB,948544,eleito,2,1,0,0.5932434738,2,1,1
2020,1,1720804,PV,480906,nao eleito,2,0,1,0.4067565262,2,1,1
2020,1,2209658,PP,500334,eleito,2,1,0,0.5789473684,2,1,1
2020,1,2209658,PT,706462,nao eleito,2,0,1,0.4210526316,2,1,1
2020,1,2910776,PT,1664018,nao eleito,2,0,1,0.4282894737,2,1,1
2020,1,2910776,PSD,1490846,eleito,2,1,0,0.5717105263,2,1,1
2020,1,2919959,PT,1217881,nao eleito,2,0,1,0.4034376207,2,1,1
2020,1,2919959,PL,684850,eleito,2,1,0,0.5965623793,2,1,1
2020,1,3123502,DEM,1399152,nao eleito,2,1,0,0.1642376682,2,1,1
2020,1,3123502,PSB,645728,eleito,2,0,1,0.8357623318,2,1,1
2020,1,4208955,PT,532628,nao eleito,2,0,1,0.5,2,1,1
2020,1,4208955,MDB,591837,eleito,2,1,0,0.5,2,1,1
2020,1,4313334,PP,1546991,nao eleito,2,1,0,0.4285714286,2,1,1
2020,1,4313334,PDT,441689,eleito,2,0,1,0.5714285714,2,1,1
2020,1,5202809,DEM,390544,nao eleito,2,1,0,0.4976508854,2,1,1
2020,1,5202809,PSB,677542,eleito,2,0,1,0.5023491146,2,1,1
