id_municipio,populacao,IDADE_MEDIA,PCT_HOMENS,PCT_BRANCOS,TX_ANALF
2804102,11001.000000000013,44.02448978300524,0.4965003181528956,0.4159652339419798,0.2661122019971808
2805901,9354.999999999984,47.945252989441556,0.4867985034740777,0.14882766824127666,0.17032070876642452
2807600,22433.99999999915,40.78079634423462,0.490327181955961,0.20347289872943358,0.2514046932507612
1700251,2391.000000000001,44.41798467982864,0.527394395650356,0.2746476210425174,0.127222413288721
1718659,1714.0000000000036,35.915075806448414,0.5169194865810975,0.14475511725007426,0.1487162707196637
2703700,5558.000000000003,44.5866683449809,0.5046779417056501,0.3151366146813522,0.3720716872306247
2707008,2865.9999999999936,37.10868034156026,0.4954640614096325,0.30077194052642386,0.3762530249059275
2400307,10843.999999999975,45.693726847013124,0.5026742899299165,0.2690508053142651,0.3032041086136118
2401800,11576.999999999856,43.28269159620607,0.5009933488814021,0.36794281074821933,0.3040770128707856
5105903,15002.00000000006,44.96138840513532,0.52193040927876,0.28273536912149644,0.12224631091907899
5107198,2199.0000000000095,47.60270703891735,0.5120509322419283,0.43610272372976716,0.11043241484732884
2201309,3233.9999999999964,41.472631262841766,0.5225726654298063,0.2021832675527722,0.2060518032340094
2201705,5319,43.84137562760991,0.5036661026508753,0.17550444945121138,0.23578235608009043
2202091,5671.000000000001,43.36415399263976,0.5016751895609254,0.29992431016733034,0.32952502496222047
2202604,18336.00000000104,46.38332917787536,0.48985602094241065,0.22773750201265244,0.26649563097720363
2203859,2482.0000000000064,50.53067833734848,0.5124899274778394,0.20029088965643543,0.4231940359162069
2204808,9326.999999999975,44.75879068526905,0.4926557306743885,0.286548715726265,0.22659466631139535
2205250,4309.000000000006,44.35974138107551,0.5063819911812484,0.1740215098291437,0.2944641030692399
2205573,6421.9999999999745,38.41372360288228,0.49953285580816065,0.3960490247568036,0.33332885234247184
2206357,6769.000000000016,39.98840038263877,0.5083468754616632,0.4089800982902668,0.34673964560421794
2206951,3260.000000000006,42.01307371883035,0.5128834355828215,0.26151598206948745,0.36546032628961134
2207934,2407.000000000011,45.400786159653535,0.5197341088491888,0.24329260032718117,0.23105709990347606
2208700,8399.999999999998,47.56875186911325,0.5027380952380969,0.1715835150742731,0.2126827764764521
2208908,6844.999999999938,46.66882931543879,0.5129291453615761,0.21533274940304312,0.227312394034657
2209906,6156.999999999999,41.57350029064569,0.48919928536625046,0.17350384396948762,0.37781971688819904
2210375,2561.000000000006,37.403986358209316,0.49277625927372015,0.42115021528470026,0.34063172817633963
3203304,13611.999999999905,45.98947210763243,0.4999265354099321,0.2807580262697766,0.19537606385673265
2503605,7220.0000000000155,43.48763247396909,0.5012465373961229,0.3225341190754099,0.33621991002990864
2508802,5613.000000000006,46.582790127471,0.4815606627471955,0.4112911483399137,0.2710909595232979
2509396,5939.000000000018,46.993485805220665,0.4882976932143447,0.31993985744734427,0.28271456248762955
5204003,7354.000000000084,41.463522162201905,0.5137340223007884,0.26657762051867834,0.1375061298871212
5205471,7001.000000000009,45.30356279310449,0.5233538065990561,0.4371204624162188,0.04644512532681931
2300507,10771.00000000006,42.501332630226656,0.49336180484634384,0.20466063622961728,0.28373509200787767
2301000,72627.99999999923,42.443689947419344,0.5112353362339647,0.2622296488705384,0.20033800945894065
2303006,20019.99999999999,42.301412892563455,0.5056943056943057,0.24996189394378093,0.2836500358951979
2304236,17068.999999999993,41.063604214264686,0.48790204464233594,0.2351653192580975,0.3560633520474905
2310803,15756.99999999997,43.94623314210046,0.4926064606206788,0.3976508188163301,0.2995118371435139
2310951,10216.000000000018,45.57797703420944,0.5030344557556762,0.33958267751812565,0.289412460150339
1501758,7317.000000000268,46.51213920071395,0.5237119037857029,0.19762070523335126,0.19601783008519155
1502103,120895.99999999857,43.56190307018356,0.5129698253043972,0.21900577929021064,0.10414977788672525
2101400,83528.00000000006,43.25533217600522,0.4977253136672718,0.22045476818878754,0.12963888603264345
2102705,20448.000000000007,43.80650507711945,0.5014671361502356,0.12510667258115757,0.2890219251709739
2104909,12081.000000000504,43.391831038092704,0.5082360731727494,0.1483842276115604,0.15110471996958655
2105476,15440.00000000009,47.73877994015165,0.516580310880825,0.1369940892056131,0.3400751080383695
2107100,17783.000000000025,41.952432307122386,0.5146488219085653,0.13049009289163702,0.28956819621097446
2600807,22353.000000000007,41.49499821450363,0.49684606093141737,0.4139666617529221,0.3317281679821085
2603108,18819.000000000724,44.49390476721831,0.48376640629151163,0.43882001958008826,0.3211858661546773
2605509,11429.999999999998,43.13769649415366,0.49361329833770945,0.3884610588664491,0.29215504153727173
2608107,30742.999999999953,44.7380641188047,0.48368734346030035,0.41753860507483076,0.3505081571543591
2612000,11240.000000000027,42.82302838301497,0.4923487544483947,0.5134824368314272,0.3398008858868847
2616506,14093.00000000002,43.59739154312451,0.4963457035407648,0.3075425883522697,0.3288977595231705
4204459,2458.000000000009,37.90972782203901,0.5134255492270131,0.7425143858579405,0.11508090891652475
4206603,4908.000000000011,44.060937608663586,0.4892013039934785,0.8409348368041236,0.05884959975562763
4210704,2839.0000000000036,38.942437486308336,0.5195491370200779,0.6082029879177581,0.1197415397693525
4214201,10247.999999999387,43.03906100046414,0.5042935206869641,0.8054969127460552,0.08161079041066313
4217956,1757.0000000000086,45.037707255703694,0.5133750711439942,0.7794569295588133,0.09137148070837788
4101101,20609.999999999935,46.34098043268058,0.4871906841339161,0.7196652624082983,0.10636627850152597
4103008,4568.000000000012,44.39473396444729,0.4991243432574435,0.6160695061547686,0.1414370567985219
4108700,6625.000000000028,42.91949778509009,0.5109433962264108,0.5876310527844427,0.18089529265433588
4113403,4145.00000000001,45.255071500449624,0.4955367913148361,0.5576569953212209,0.11895352280220668
4123907,12434.999999999698,47.03463282417216,0.49626055488540466,0.6061132720396128,0.13509389692480156
4300059,3722.0000000000214,45.17725871821118,0.5048361096184847,0.8283714387337474,0.05999737686619557
4300638,6353.0000000000155,46.324046301510116,0.5164489217692428,0.7980040410062196,0.128794268832071
4302378,2328.0000000000023,42.73812842706402,0.5012886597938153,0.8424601478120497,0.09335336575836956
4303707,6117.000000000011,43.66037730887379,0.49959130292626946,0.9393372587018032,0.04187697225952855
4304853,1607.0000000000039,47.351673704268435,0.5189794648413192,0.9762772712246085,0.051722681590595475
4307104,6753.000000000258,51.67923241098593,0.5157707685473103,0.7830483297730353,0.07514063840526562
4308250,2018.0000000000105,48.13615597663032,0.5356788899900887,0.9754191444762828,0.03198761450225733
4309001,17074.999999999975,47.48246865900396,0.48831625183016136,0.8061816687400549,0.06721666129222816
4310850,4097.999999999695,44.93000870794244,0.5078086871644705,0.7387778933734875,0.13379763597824978
4311205,19579.00000000017,45.62692270443109,0.4916492159967291,0.8164501191737563,0.05238935617830302
4311429,2487.000000000007,54.55692333186374,0.5038198632891021,0.651573323856134,0.16716893965218882
4314209,7811.000000000269,44.920669944934474,0.4898220458328009,0.8071190945346434,0.09318803161998215
4314753,2017.0000000000075,53.52211727294414,0.5071888943976194,0.9761209101193655,0.02574375834397604
4315008,5412.999999999992,47.57325587739488,0.49842970626270156,0.8552679859770151,0.08212692377759831
4315131,1875.0000000000025,51.38873257509457,0.5082666666666665,0.8613355340236435,0.08974201956609362
4318457,2720.000000000004,45.87153808350408,0.5062500000000002,0.66364455418704,0.10431985863248965
4319158,7420.999999999998,42.90368284349016,0.5228405875218982,0.7329713730386824,0.09078974553360983
4319737,2647.0000000000014,41.22855990117298,0.519455987910843,0.5108225978038125,0.11687843750601215
4320453,2280.9999999999986,50.68697986240706,0.5217010083296816,0.9640739663216048,0.11156166799923883
2900108,8316.000000000035,45.40966798401636,0.49086099086099005,0.43173758469434254,0.20176477872660784
2901957,7458.999999999999,42.10639174753274,0.5086472717522463,0.21011321237945949,0.308837755608597
2904100,22037.000000000033,43.66727567791863,0.49262603802695343,0.2890377278791618,0.23823835073455604
2905008,22235.999999999985,40.9924247482577,0.5008544702284581,0.38664921853777134,0.21204917345355556
2909109,14307.00000000005,42.45964288856013,0.5031802614104975,0.2895693600805576,0.30542293981898533
2910206,3874.000000000008,48.89299999089724,0.48967475477542605,0.17240766234683577,0.19488278558355082
2911303,10622.000000000005,44.49191770132355,0.5128977593673494,0.41023911497919097,0.21534082195228849
2915007,14924.000000000497,39.82399247651552,0.5034173143929247,0.15728641998786905,0.26120689770690825
2916906,12693.000000000047,45.834199351175236,0.49168833215157826,0.21943464033412294,0.24070246567120807
2917409,13651.000000003423,47.655494441180785,0.5073620980147993,0.38600303345062253,0.2365050987188465
2921500,52338.00000000009,47.39546911363585,0.5079674423936724,0.3846701183215944,0.34608016327363106
2922102,24394.99999999998,44.4796602554367,0.5068661610985872,0.19733168593959718,0.21229275873187464
2930303,18112.000000000036,45.4623775767495,0.5103246466431088,0.2657547177869426,0.24069704653462043
2930766,12591.999999999962,43.04295142503957,0.4988881829733183,0.2967796856387489,0.3565337689283385
3106408,7536.00000000001,45.33416361723887,0.5010615711252653,0.5450821457440211,0.0839089253419056
3106903,13653.000000000175,47.90862187046718,0.48033399252911485,0.6208915811369863,0.06862382066283174
3110400,3153.9999999999895,50.05145594053368,0.5279010779961989,0.7375896317400804,0.11926978148126446
3115706,6772.000000000002,50.20239754820432,0.4874483165977558,0.44020959458240827,0.20587810331909037
3120607,4757.000000000017,45.48698166338443,0.5108261509354639,0.6955649759330198,0.10865399177855943
3121308,4768.00000000002,48.49203024665282,0.5050335570469806,0.6243469606764461,0.06993727993100812
3126802,5879.000000000001,40.061225870102135,0.5048477632250374,0.1386357476746564,0.274283283759539
3132206,12371.99999999949,45.75905427539371,0.5065470417070798,0.7181006786046285,0.08301971871735903
3136553,4376.000000000015,42.79514181698844,0.507312614259597,0.18611045492386888,0.22312408683750484
3145109,15374.000000000382,43.362147586311814,0.5272538051255355,0.8361534500909333,0.07436185519614996
3145356,10338.999999999998,44.43611218063223,0.5122352258438925,0.23962240870902698,0.31042377565842383
3157252,7681.999999999301,43.969896289636495,0.5105441291330377,0.3991464920721179,0.13630160778869535
3160207,4135.000000000024,38.82480138967724,0.5001209189842785,0.10908661068309834,0.23236424205382047
3161502,10263.000000000007,48.289868671298855,0.5084283347948942,0.5571690879276695,0.09675001206806963
3162906,25057.000000002143,41.89481665781404,0.48613161990661186,0.5710651298607724,0.0534068343452762
3502002,4293.000000000026,48.52926253273261,0.5131609597018405,0.7079764518041665,0.0613544407507309
3534104,6097.000000000021,42.97746737473856,0.48958504182384716,0.5796163617142458,0.062096685115352754
3544400,2729.0000000000005,48.147057450757735,0.5100769512642004,0.5091491283401808,0.0969871594772403
3554201,4808.999999999999,43.06265880850561,0.5129964649615308,0.7395661185066398,0.14523253646283713
2802007,4326.000000000009,46.60582920717588,0.5060101710587136,0.19443529936417125,0.237095423595342
2802601,5644.999999999973,46.23865450431391,0.5117803365810485,0.3403732015859373,0.30220519672541485
2806800,10271.000000000045,42.86126487440667,0.4956674131048559,0.2279694384889561,0.32543563168965317
2705309,5275.000000000011,44.79311064772185,0.4959241706161138,0.26220211700241375,0.4200660576598189
2705804,8491.000000000007,46.01577598510774,0.5038275821458048,0.22607334911881022,0.3632385938376956
2401305,9288.999999999989,40.665473836490875,0.5068360426310706,0.4291418530388659,0.289088573699696
2411429,2526.000000000003,41.52892349496987,0.5015835312747421,0.7053768326078405,0.2085566280796619
5106828,11030.999999999964,44.51275333536348,0.5347656604115677,0.28125729375226183,0.14108032168515763
2201507,25774.000000000062,42.99836482726016,0.5062466051059188,0.1408088966982651,0.35543709384843497
2202539,5525.000000000005,42.8610127059545,0.5134841628959275,0.23543996859118418,0.4221949087620656
2202737,3811.0000000000036,39.53775604869987,0.5169246916819739,0.1315213723357884,0.30937240571277413
2203354,6674.999999999999,40.77885704749842,0.5098127340823981,0.25821773490123556,0.2809440661041202
2206670,6499.000000000006,39.7110964685034,0.5113094322203409,0.1805848783487435,0.3386192390372052
2209450,2059.0000000000086,45.618130785144025,0.49684312773190886,0.11910505695188615,0.2654818263071346
2210953,2752.9999999999986,38.42092991885434,0.5241554667635318,0.15811427027326785,0.37732530913783746
2502003,7142.999999999981,45.908110804967684,0.504969900601987,0.3285229670347765,0.38579976938841193
2508109,4681.000000000008,42.05098106052029,0.49220252082888244,0.4362127512473091,0.3392700317851736
2513356,3539.0000000000136,40.31584313243671,0.5151172647640572,0.3136378961749405,0.3247619964992968
2515104,11040.999999999976,47.14129801551874,0.49116927814509787,0.37452208739710746,0.2509965361308658
5201405,455656.99999999255,43.321592125933286,0.4933491639544722,0.35788283603418,0.050202340986735476
5211701,6164.000000000058,43.30419256448216,0.5150876054510066,0.4063445733729021,0.13210731294629605
2300101,10495.999999999958,46.716689267467,0.49637957317073367,0.27777658331799476,0.28381626290134077
2301851,17314.999999999985,46.03163207811376,0.504591394744441,0.3207948136450328,0.27851686863635333
2306108,22323.99999999579,43.12374429172682,0.5082870453323799,0.2289657211055105,0.2521823438888404
2307205,7659.9999999999845,44.907576245634,0.500000000000004,0.2872250964529504,0.25257120556906576
2308807,8070.00000000005,42.011473507522,0.504337050805451,0.16468401715194295,0.3017167579279578
2311108,15061.000000000022,45.643822665832275,0.4890777504813752,0.25299923140222913,0.2963549803925445
2311504,19411.999999998934,47.507625703285036,0.49999999999999917,0.3654243655360993,0.2528754114321979
2312205,42763.00000000302,44.87488928520669,0.5013913897528267,0.25225921040760035,0.260728964599108
2102036,28458.999999999854,47.59153561669524,0.522576337889601,0.12985821102563147,0.2905567748632148
2104099,17757.000000000036,41.152249260711876,0.5250886974151037,0.2460531363532933,0.18396785387085748
2104107,11646.000000000042,43.39311494036188,0.5127940923922366,0.2397965867783455,0.1461916066039239
2105203,11041.000000000033,42.86221571581321,0.49144099266370744,0.2642737350854255,0.2696429443453785
2106359,8051.0000000000755,43.23366683342316,0.5452738790212386,0.15020843913517257,0.38332331708884293
2109759,7060.999999999994,47.378641905010305,0.5197564084407339,0.2614701765555047,0.3077470855665314
2112308,39182.999999999796,42.674712133076,0.5102212694280686,0.2890594871885569,0.29720141926876625
2605152,16917.00000000002,46.206762557431176,0.5117337589407115,0.5221048743810905,0.2587799163150868
2606903,11779.00000000005,43.0766839401022,0.5021648696833321,0.3393974707451759,0.2828563301677694
2607703,13880.999999999978,46.508679543715196,0.49348029680858674,0.47522924792801574,0.2509133969315903
4206801,3372.9999999999977,44.91016898644141,0.5262377705306854,0.8527229622025769,0.0589301556616623
4214151,2758.000000000005,39.467985214506484,0.5152284263959392,0.8608563758693079,0.09055243538348955
4103305,7878.000000000017,48.613255326903335,0.49923838537700027,0.6624669696408036,0.11755249567259436
4107603,16313.99999999998,46.77591379338962,0.49190878999632287,0.6988148773648458,0.13622768025419038
4118006,11772.000000000038,48.639528786786435,0.497026843357118,0.5698873846050977,0.09299087990647437
4121356,2846.9999999999986,47.56977156653473,0.49666315419740087,0.416934086830631,0.1494575144722275
4124202,2727.0000000000095,46.973875370642745,0.49358269160249313,0.43748837180279193,0.1337306642219148
4124608,6353.999999999906,43.227588122362874,0.5121183506452661,0.5806570436901065,0.11382066680313925
4125555,2098.0000000000055,43.58404912707776,0.5023832221163013,0.6431175625609946,0.13772548048257954
4300646,7323.000000000014,46.910086380497795,0.509627201966409,0.7155055757504023,0.10239917315862108
4301750,7018.000000000093,43.20111589110922,0.5330578512396696,0.8733408765302763,0.0948089572026455
4302204,6574.000000000012,47.39208047566483,0.5012169151201701,0.9099701394822398,0.01612887870855713
4304101,3494.000000000015,39.90518669696378,0.5020034344590721,0.8537853916560644,0.0915820668773697
4305116,2965.0000000000014,45.81865787939348,0.519730185497471,0.9737707331191966,0.035837562990108374
4310876,2506.9999999999923,38.5617204575058,0.5117670522536918,0.7966203135213143,0.10773236856088657
4311239,2662.0000000000095,45.251898889829974,0.5270473328324566,0.8293896352398917,0.11840281253160924
4311304,27524.99999999998,47.34830213567283,0.49278837420526905,0.8225715847552767,0.0694811709543848
4311643,1624.0000000000066,46.86301959618423,0.4975369458128073,0.9790732259312064,0.032720930702555
4313011,2751.0000000000014,43.10204084162247,0.5107233733187937,0.9816225761381063,0.02575576044406586
4313466,1757.0000000000055,51.56293560876779,0.4900398406374506,0.9168800718920701,0.05575542612232176
4318465,2204.000000000002,43.400656011151575,0.5154264972776771,0.7188464045202219,0.14410710108909253
4319372,2873.000000000003,46.124514475775975,0.5067873303167426,0.9150011826073668,0.026846409275874332
4320107,21285.00000000004,43.1254050352209,0.4824524312896409,0.791185646546199,0.04817733666969662
4320230,3010.999999999997,43.4964238359343,0.5084689471936225,0.8020614455400611,0.08437468997469687
4320321,2813.999999999998,50.13236059888466,0.5000000000000008,0.890187901264344,0.05464921167319261
4321808,23726.000000000186,47.65175531744693,0.48402596307847884,0.8653944497159257,0.03743443954430347
4321857,4381,45.998078705176866,0.5044510385756675,0.6573737518705471,0.11860900384380996
2900207,17063.99999999998,44.94704344578358,0.501875293014535,0.11753836735181072,0.27963075399550974
2902401,13594.999999999998,43.88649246417245,0.5026112541375515,0.11770708663503891,0.25366512753804743
2903235,13612.00000000006,49.091645873747375,0.5075668527769618,0.3373865053802683,0.17149442222761016
2905305,17209.00000000045,42.65006348443942,0.5092684060665931,0.16830258018120842,0.21612536447054134
2913200,25424.000000000444,43.99068986890399,0.5035399622404033,0.20256286379122684,0.15824289015973284
2915700,7903.000000000967,45.30968471846382,0.5106921422244707,0.18455214913050527,0.2583494784015495
2917706,30343.00000000058,44.18316726590336,0.5087829153346721,0.23627971454651356,0.16326884556285506
2921203,26475.00000000008,47.151676997804145,0.4984702549575065,0.20827266907131617,0.2069200757045377
2921609,8280.000000000013,44.592488112432335,0.5121980676328505,0.24443480961122652,0.2793885086358247
2922250,10272.000000000293,45.41489328421463,0.5304711838006242,0.1602655786327254,0.24972657953626967
2923357,16425.000000000015,43.15309953378736,0.5091019786910199,0.19376184399178065,0.2667765320270151
2930006,10371.00000000001,42.53051012911357,0.5066049561276635,0.20086913533346457,0.24706363331574346
2931608,14836.000000000011,43.71809017294727,0.5206929091399279,0.12430720545003636,0.30428862745874014
2933174,9109.00000000002,47.93876257248754,0.4977494785377098,0.18724409586752874,0.23673955883703046
3120151,6047.000000000023,44.214829219709856,0.5093434761038528,0.24707292136582476,0.3628498811960484
3128907,7265.000000000015,44.821562912448655,0.5110805230557453,0.6111957063831518,0.07566898850997514
3136959,5707.9999999999945,42.96577508162339,0.5120882971268399,0.28100757432811724,0.2242192676263773
3140530,7173.000000000016,45.93944598354797,0.5096891119475802,0.43771555258074474,0.15565493899136312
3141207,3760.9999999999995,44.622147787418974,0.492422228130817,0.7701534491125589,0.11345148022155153
3142809,19618.999999999905,46.51871604467114,0.5123604668943343,0.5755734365496094,0.10979963685789412
3152709,8391.000000000784,42.91660433889356,0.5019663925634621,0.5049486640184565,0.060038372210316965
3156205,2116.000000000002,45.25629450049051,0.5132325141776944,0.5397720725464997,0.08920977153618315
3157708,11337.000000000011,42.93288869502019,0.5143335979536031,0.626125062533096,0.05334535338297084
3166709,8412.000000000035,42.487771452155066,0.4959581550166413,0.2710975243076301,0.19467250865806918
3169059,3950.0000000000173,43.63007290361217,0.5427848101265811,0.9099743951395777,0.09887201571838991
3516507,2708.000000000017,46.1306091450664,0.5077548005908408,0.7204562351851801,0.07277594997575672
1200336,15205.999999999953,46.8639724457475,0.5153228988557176,0.15446302578625806,0.2313521984526898
1101757,9383.999999999998,43.21800220199661,0.5305839727195247,0.2886152129917685,0.15453625516685737
2802205,5324.000000000011,42.921015798819205,0.4939894815927866,0.2482890777138849,0.29260945276869305
5002951,19647.999999999967,43.08708782759115,0.5230557817589583,0.532769011333625,0.04727322821387239
5004601,18614.00000000087,44.297831722708075,0.5217578166971074,0.42406628126358065,0.16680142060141065
5005103,4010.9999999999354,44.115248550137885,0.5210670655696824,0.32982977218363885,0.12411702471980862
5006606,77872.00000000371,45.63864813805654,0.4942983357304266,0.49866999380118354,0.0895685920009743
5007950,10215.00000000003,48.37598672431641,0.5162995594713656,0.31620166784853626,0.19058841348451788
2410009,3453.000000000011,41.22801021842538,0.5007240081088901,0.3792335561754707,0.27577270945084736
2412401,4231.000000000029,47.86665697665429,0.5015362798392808,0.6361625757930629,0.14460768564121645
5103106,5490.000000000034,40.83045963790028,0.5276867030965369,0.296089699039644,0.1482664328920343
5107776,7396.9999999999645,47.56008998602851,0.532377991077464,0.18722417825262247,0.15103626723690206
5108105,3417.999999999998,45.18288541506935,0.5567583382094805,0.2210253166715901,0.11663218584037732
2200251,7341.000000000036,43.96846818621801,0.5017027652908322,0.5389661935869877,0.44851261224475786
2200301,13646.000000000042,45.97963828999789,0.5098930089403471,0.20243408388821796,0.3158850618962327
2201556,3778.00000000002,45.526121150817815,0.5124404446797224,0.6694380549848533,0.23650494893246873
2202174,6803.0000000000055,41.5573580541862,0.5094811112744396,0.08819331722369925,0.37006802029431324
2202455,3878.000000000029,48.61909463275315,0.5154718927282086,0.3291460827192806,0.29454094018285815
2202711,4525.000000000003,47.14012165600468,0.48773480662983437,0.13708929871466,0.32104165410849067
2202729,5572.000000000009,44.54264530830023,0.5019741564967668,0.40240104074785304,0.3441528882286177
2204600,3771.0000000000055,42.33258045809627,0.487669053301512,0.21980278587443755,0.3377531115882593
2205359,2960.0000000000005,38.48717004919403,0.5307432432432443,0.25101370858470845,0.2793906942462374
2205516,4756.999999999994,44.58576138622644,0.5085137691822571,0.2615459717956339,0.28081350541922884
2205581,3863.0000000000055,43.97142878693238,0.5151436707222369,0.12044587484695614,0.26451051384212343
2208502,11897.000000000047,44.43015440782215,0.5050853156257872,0.14406798531395718,0.3527668885581054
2209005,6273.00000000001,45.01487037150691,0.4962537860672734,0.1980018563409676,0.28787799044268114
2209955,4650.999999999998,48.09797096971845,0.4910771877015713,0.0891656988401979,0.332281526331864
3204500,12240.000000000182,45.097591082034306,0.524918300653592,0.6174600064613961,0.12524700368327507
2500734,2088.0000000000073,45.601314745755985,0.5014367816091944,0.4262562084840102,0.2150500977463575
2504157,7058.00000000004,44.58848315392241,0.5028336639274572,0.32767721324953086,0.4221061748711503
2504306,28759.00000000015,47.943998586990354,0.48777773914252615,0.4269544501522368,0.22905397443425168
2509156,6173.000000000016,45.20520320589132,0.4885792969382783,0.4302823061146772,0.2710141093174689
2514453,5507.999999999989,42.394231308112026,0.5009077705156154,0.3441543530266834,0.36425593412543383
5203500,20727.000000000084,43.212060405836375,0.5189848989241073,0.44597463403883814,0.09652186779122647
5205703,2632.0000000000045,42.05568611109723,0.5083586626139812,0.45123707899913934,0.10468760411959706
5206701,3292.000000000002,46.74459010163777,0.5191373025516401,0.3223434894478139,0.17641957466250036
5213905,5007.000000000012,43.2439403675459,0.5106850409426811,0.5026092268173042,0.14771757435866872
5221502,4838.9999999999945,45.31785345909269,0.5023765240752245,0.4588262944320613,0.11682966127405198
2301307,20685.000000000025,44.362008069337946,0.4975586173555712,0.29807868909698354,0.31250230685674946
2302057,14476.00000000003,42.739211718450576,0.5057336280740528,0.2222235956791902,0.3573989602591705
2303956,18915.000000000942,42.96342819322367,0.5075337034099902,0.2999925670461496,0.2797451038489391
2304509,12991.000000000588,44.55603589991489,0.4909552767300397,0.32684826816454454,0.3257668572870416
2305332,11335.00000000001,43.83635369635026,0.5174239082487865,0.3480055775133272,0.27762578513038405
2306009,13721.999999999876,43.647721556303324,0.4928581839382038,0.39069722534463586,0.25550350790992504
2308609,16705.00000000027,44.526957651057835,0.49655791679137934,0.24357980179547645,0.3017574533418696
2310308,31309.000000000084,43.01638035085016,0.48746366859369444,0.36298904930631154,0.36603327866387186
2311603,26415.000000000135,42.98822103385348,0.49676320272572494,0.18579739418305674,0.23280625992995496
2312502,7899.999999999993,44.34554188071515,0.4875949367088622,0.34395847322483414,0.2564669839788295
2312908,188232.99999999927,41.77167157413957,0.48589779687939394,0.2955476846173709,0.16323091862614966
2313955,17592.999999999978,47.123277224460026,0.49479906781106225,0.32039757316367506,0.2470196621282181
1503077,25033.999999999967,42.89409379767932,0.5235679475912768,0.1358866142636237,0.2879276686140981
1507508,13155.000000000053,40.15633789705418,0.543443557582672,0.1488629902434421,0.2446985241317512
2105948,7793.99999999999,44.69760438121032,0.49602258147293016,0.2626535974965402,0.28423163440636146
2106003,11423.000000000031,43.867670984110475,0.4915521316641862,0.2753564968824577,0.32665335736112416
2107456,13181.000000000004,46.7057019867579,0.516273423867687,0.15625848378324547,0.2388807277293598
2111789,10939.999999999996,48.007492890827145,0.5348263254113333,0.05046554504347962,0.32512154705704877
2604155,13765.999999999975,40.23532976881575,0.4938980095888435,0.4659305806182471,0.31328074391502203
2604700,17419.000000000022,47.93705002095236,0.4942878466042832,0.3252399532658193,0.32372496235798126
2605400,20570.999999999924,41.88370948671232,0.48476009916873236,0.3855476242352434,0.2900747056586389
2609154,18083.00000000002,42.323842759017914,0.5047834983133321,0.218394870264765,0.4094162457456976
2610202,25644.999999999985,45.64660263163667,0.490855917332814,0.37807184545348327,0.37877854267272204
4200754,2005.000000000004,47.464266978148125,0.5012468827930175,0.9383292147655163,0.0313212214941018
4201505,7752.999999999999,43.86591598363206,0.5061266606474915,0.931641751304753,0.052120392565633764
4217501,16936.000000000102,43.979200297721576,0.5033656117146921,0.8513099162729969,0.049871035389816486
4107157,5027.000000000015,51.09698114023685,0.511239307738214,0.5304134211131911,0.14752779777671202
4116802,7425.000000000038,44.690908458729034,0.5059932659932644,0.6502555208533334,0.18232417410728238
4121802,10677.999999999996,46.2307375024045,0.49372541674470893,0.8336328998064759,0.061725385650007736
4126272,5028.00000000001,48.97517800262437,0.5045743834526649,0.7106331055924403,0.08125461121237747
4302584,2200.0000000000005,47.2991582436823,0.5000000000000008,0.9121741237657477,0.03767923291660546
4304697,2636.0000000000023,45.36706191119741,0.513277693474962,0.9257365474595048,0.04440542961964713
4305157,2417.0000000000073,48.47285700412781,0.500206868018204,0.8164056038597975,0.13455478906406187
4305447,4944.000000000019,40.648877567374385,0.5264967637540444,0.9230004720747556,0.08121595088745928
4305900,7747.999999999477,44.88060321069001,0.49070727929788266,0.718171443498235,0.11257979848518053
4307054,3088.000000000002,47.45290457018576,0.5058290155440419,0.9283220416592174,0.052508836805733504
4307708,80755.00000000086,42.75027286212418,0.482607888056461,0.8548314735863535,0.024242172118067166
4308300,10718.99999999875,42.82748428107555,0.5094691668998961,0.7202051092750474,0.1867853600731157
4309126,2269.0000000000027,43.984874740940796,0.5072719259585717,0.6352263574419473,0.12654596356139264
4310462,1944.0000000000011,46.405902624539365,0.5000000000000011,0.8671133602624015,0.031139546967978514
4310751,2156.000000000001,44.73103433263329,0.5088126159554726,0.854650432904466,0.051769980972807245
4311122,4177.000000000007,45.642861619332244,0.512808235575772,0.7148476110210575,0.1001999565380961
4311502,7679.000000000003,46.52865675045604,0.4916004688110435,0.7617368056018222,0.09103772044882465
4311908,5134.000000000015,44.649463370961904,0.4976626412154245,0.8493113722943803,0.05588988417839199
4312625,1813.0000000000023,36.61739445561107,0.5091009376723663,0.8098197117391428,0.07596292461920781
4313037,4671.000000000018,45.10058753995196,0.4936844358809683,0.8448331802999575,0.05359932039767848
4313102,6341.999999999929,44.21666917358431,0.5072532324187964,0.8455759002769708,0.024938555123136894
4314035,3511.0000000000005,41.26731938017931,0.5081173454856155,0.9777538824500197,0.020590910952672577
4316956,6053.000000000007,44.64921786413207,0.5123079464728234,0.9718119815774466,0.013268972784510221
4318499,2200.000000000005,47.180897512082055,0.5113636363636372,0.9413353583849778,0.03426843234100991
4318614,2082.0000000000127,49.84928288207694,0.5052833813640715,0.9735152549111983,0.02178872765028053
4318903,34555.99999999982,45.06098679074335,0.486948720916772,0.7899566070702838,0.0642765239882858
4321469,2724.000000000004,45.15106447865468,0.5036710719530106,0.7675838808746385,0.057022196106851254
4321626,2313.999999999999,48.5140697162642,0.5060501296456369,0.9576940850715795,0.04282219521246589
4322558,1984.0000000000032,49.69779053177154,0.5005040322580655,0.88296007818103,0.06407770792326727
2900603,4602.000000000018,44.68495252131411,0.5108648413733148,0.14608661372981593,0.23651933214925117
2903276,14191.00000000004,42.890032903954776,0.5086322316961472,0.3120759742399327,0.1970805414980008
2904050,14833.999999999965,41.582126352561836,0.5070109208574916,0.23832332921795393,0.19509116683332903
2909505,5040.999999999989,44.26028343388744,0.5072406268597497,0.22940165797848414,0.26898687761235845
2909604,20045.99999999985,45.68003840385683,0.5106255612092194,0.25925891710752164,0.32284560353050523
2911006,10659.999999999962,46.00395407785754,0.510131332082553,0.21132151649379888,0.310612339620717
2912301,15784.999999999805,44.351485793370045,0.5108013937282252,0.2668717342991575,0.24935647979046305
2913002,15507.999999998188,42.37669469344768,0.496195511993807,0.2098541532303017,0.23571034526874557
2913408,15205.000000000062,45.94917580918406,0.5026635975008195,0.3895926578547472,0.18414623443088896
2921450,10507.000000000036,39.89315170307643,0.5132768630436825,0.38734021536265495,0.29381919209866053
2923308,8298.000000000004,44.67863060808417,0.508194745721861,0.07173410776936899,0.25409171333554204
2923704,29503.999999999927,45.862936928890505,0.5060330802603032,0.17130254166799805,0.23118953888208144
2924652,10342.000000000018,46.36392849142756,0.5026107135950496,0.1745362456186323,0.24976185295906864
2925808,24601.999999999673,42.48689235574564,0.49934964637021345,0.24814815716911628,0.21862232471924317
2926202,21937.00000000002,43.39549597820153,0.5214933673701955,0.13623900987169538,0.30004048882017376
2933406,8983.000000000004,47.517378052329605,0.5007235890014475,0.1373085117332108,0.22788790305369702
2933604,45536.000000001484,43.06334436322676,0.4943121925509504,0.1801719240761271,0.22319474628792582
3107604,3887.0000000000105,42.416473228610045,0.5201955235400048,0.7086915815095425,0.0957561806818745
3109501,13822.999999999864,46.88934192477632,0.5391014975041596,0.6642256948246295,0.09764420303799892
3121100,7971.000000000022,47.342741936675466,0.5254045916447108,0.7336386113188739,0.08343102461819994
3126752,5800.000000000026,43.74558880936511,0.5120689655172396,0.1313094637942625,0.300477442321549
3143708,3399.000000000006,47.70071183009546,0.502794939688143,0.20487111396883362,0.2392846991584282
3145505,2533.000000000004,43.37838442000375,0.5148045795499417,0.6557683826523812,0.14240742967253087
3148756,6673,42.7948325045247,0.51775812977671265,0.5894782156577975,0.14511672729189184
3149002,2191.0000000000055,42.17489935839102,0.5184847101780008,0.3931732748515919,0.14236418733762712
3157005,39177.99999999975,44.623224002603756,0.49195977334218477,0.29858786974885637,0.16769729482500892
3163607,2592.0000000000045,43.89042596077525,0.4980709876543223,0.5350033844103441,0.17501743803731143
3164803,1613.0000000000057,43.67263015627097,0.47861128332300185,0.38559273759728996,0.13566655145251624
3166501,4220.000000000022,44.87233133852194,0.5026066350710882,0.13300486660474586,0.2857038030045355
3527504,2249.0000000000023,45.466066890595265,0.4971098265895958,0.6577460370548597,0.07062702248849129
3543238,2187.0000000000027,44.03363007621819,0.4979423868312768,0.5781482143634382,0.123403505964735
1707306,4592.000000000012,48.109496573273866,0.5313588850174215,0.2222351890011281,0.1275616565594355
1708254,2419.000000000006,39.51556877902657,0.5101281521289799,0.21983025730751846,0.17185846005834826
1710508,7104.000000000048,47.52768842150479,0.52519707207207,0.2110900325742073,0.16902944336289139
2705002,24698.000000000226,42.46221216472136,0.49931168515669005,0.254118609834823,0.3878973780962935
2705705,20364.00000000009,46.58331921041448,0.4774111176586119,0.25670628359324327,0.29662360849319863
2403509,10475.000000000033,44.3214813312942,0.5077804295942723,0.33323787748526196,0.39027625649994346
2412104,5921.999999999985,49.0971591610498,0.49358324890239774,0.5778868235958164,0.20453000872139898
2413607,5752.000000000005,44.81738144943053,0.49808762169680165,0.3888142600825445,0.274785566780733
2414506,10658.999999999953,45.86883172964592,0.49047753072520983,0.49576157406312304,0.250334496498323
5106208,4587.000000000003,42.56980100724042,0.5234357968170914,0.26067284550673253,0.22004891383107036
2200277,5153.000000000467,46.43445459296915,0.49602173491170104,0.41524766141787484,0.35956781932814796
2201150,10516.000000000056,45.450004050990046,0.5199695701787715,0.18831789951549108,0.22071541901655153
2202075,3343.0000000000095,43.1357744600299,0.507927011666167,0.06618656354670438,0.3169816033359535
2203800,4366.0000000000255,46.46757437095183,0.5082455336692607,0.15358417721479806,0.3312479349686944
2207959,4187.000000000006,41.51295345169041,0.5139718175304515,0.25019361636024134,0.28959651869440345
2208551,2558.999999999995,46.13869375443432,0.5173896053145774,0.1220000251612638,0.2540374111704259
2208601,3085.0000000000105,42.25667076598332,0.5027552674230146,0.1806869084721707,0.37426337283888744
2209104,6026.999999999995,47.18892758947658,0.49328023892483686,0.21414423101982782,0.3495598183118185
2209377,5149.000000000007,45.37500829707745,0.5014565935133042,0.15552393339682294,0.31293705907891034
2209708,6298.000000000048,41.670101312146215,0.5065100031756079,0.1191900057779592,0.32060632795782384
2509404,12490.99999999994,40.911869262266556,0.48659034504843846,0.32495568158380217,0.3203715052113654
2511004,3721.0000000000073,48.13708502603602,0.49637194302606913,0.39404632816793356,0.24730186337287283
2511707,5155.000000000038,47.23754243280244,0.4933074684772025,0.2802498352124495,0.3359620886334135
2512747,3266.000000000004,46.71284899923033,0.49050826699326333,0.19205149405129018,0.32018194555405305
2512754,4263.999999999999,43.73856910233116,0.4882739212007515,0.3350729698993053,0.34615495293465526
5204607,3387.0000000000077,44.57880240047107,0.5231768526719808,0.30758332306316716,0.12772003226421583
5206602,2964.000000000009,43.18231144686215,0.5111336032388655,0.6539503331468981,0.08611827504261896
5209150,4949.000000000009,44.686144136088025,0.5190947666195184,0.3963917663641342,0.1910576089542152
5218052,3347.000000000007,43.71038913383953,0.5401852405138925,0.38112281369879425,0.12840087921339213
2300309,51160.00000000047,46.577266827672496,0.5008600469116523,0.3227009662424492,0.3293353488505586
2300408,16202.999999999982,46.454701654999674,0.5009566129729083,0.2667042742853198,0.3435256682913613
2301109,69158.99999999822,43.3661020187885,0.4937462947700265,0.26889923119495635,0.19365694058149263
2301901,55323.00000000059,43.083679413583944,0.4863076839650796,0.2303321280228355,0.17646687924235022
2302701,26505.99999999989,46.85258100238651,0.47936316305741905,0.3894999453051524,0.2677724829349003
2303402,16745.999999999975,48.73471918693383,0.4984473904215933,0.4269376604469106,0.29022354065835687
2304269,9095.000000000042,44.48703710746692,0.5015942825728437,0.3608031920301871,0.3219508801233354
2305654,11343.000000000025,46.649805557785804,0.4988098386670208,0.26671533019734617,0.35628489587363743
2309003,14102.000000000051,43.71869154679397,0.4750390015600595,0.3809471126574996,0.3142680152995955
2309201,14255.999999999995,46.13874322500421,0.4924242424242435,0.2726608131526193,0.2105121250676769
2313609,31786.999999996784,45.51513941904741,0.4958001698807698,0.3118194513825161,0.23091123100710914
1505635,12696.999999999975,44.471572226697575,0.5336693707174928,0.2103116723122034,0.21606442488311264
2102101,33359.000000000015,46.564937212466816,0.5061003027668698,0.1721417584813556,0.2999405010479942
2105609,15433.000000000022,46.90353657193684,0.5063824272662475,0.2012507573573802,0.32902964665475065
2109700,5487.000000000009,45.75328993134063,0.5274284672863129,0.1056445086290015,0.22606662715508988
2111078,17237.999999999873,44.42367552425395,0.5114282399350278,0.14345351424243719,0.38520982934157627
2112233,18953.000000000113,47.53075004523606,0.4822983168891482,0.24094229542943787,0.25002982421686076
2600203,17585.99999999999,42.845196049348246,0.4975548731945873,0.47180566288372194,0.24429099618047764
2602001,35158.00000000009,45.179635802266304,0.5011946072017734,0.2123776706779317,0.2717318036450632
2602407,8844.000000000011,44.53796203593385,0.49004975124378225,0.373051876537352,0.3070705276531494
2602506,7307.000000000025,43.80891396341424,0.49377309429314226,0.36362054465192706,0.2520185135480758
2606705,7534.000000000018,44.82256225378288,0.5031855588001057,0.41301278474637804,0.34136460180842293
2607307,28119.99999999995,47.96902850663623,0.4927098150782349,0.23849815201848468,0.2880906598035584
2607406,4369.00000000001,47.79243268565847,0.48867017624170295,0.18352169401487622,0.2169829862736845
2607950,11501,45.16392831457783,0.4960438222763242,0.339510021219151,0.30849463967541674
2608206,15773.000000000022,41.446948570543746,0.5008558929816768,0.29382719913302974,0.29026696282716435
2609709,22878.000000000033,43.17551817629854,0.4837398373983724,0.4612517293675063,0.30324963729593646
2610400,20223.999999999425,47.7210068753008,0.5083069620253159,0.33977353231865454,0.249026147719981
2614600,26426.999999999145,46.640710250356605,0.4906724183600089,0.4772643520037495,0.21214164179698283
2616100,9141.999999999998,44.39908912938678,0.49048348282651766,0.20427381055353183,0.26619988678558565
4204400,10213.00000000015,45.854951129062734,0.5080779398805402,0.8125450558485463,0.08804180471750053
4209706,11837.999999999953,44.60262497735616,0.5136847440446047,0.5533189950648506,0.12249803388483828
4214102,2284.0000000000045,42.45932601681934,0.5109457092819624,0.9073949205130123,0.10609268677735308
4215604,2065.0000000000055,47.34603575533577,0.5288135593220352,0.9686265981915687,0.03433209244688574
4100459,4306.000000000011,46.51648056983431,0.5113794705062694,0.48753860348774725,0.18045778518678504
4103024,2763.9999999999995,43.39104981675373,0.5072358900144739,0.7566606023891346,0.08716934153967716
4103156,3796,49.25519427400338,0.518703898840886,0.6415516747286197,0.09341839027574854
4113759,5160.000000000012,48.4037292134758,0.4959302325581392,0.6827314441838281,0.14512625955928574
4116505,1431.0000000000134,50.205504122745026,0.5017470300489164,0.5326701923796787,0.10132736393219995
4118303,2791.000000000004,48.05017391550985,0.49552131852382714,0.36451439436730393,0.13367898532537065
4120200,2530.0000000000014,43.636119034517826,0.5075098814229267,0.4814775660354448,0.11706435135598821
4126355,4568.000000000008,44.94813918874826,0.48795971978984243,0.8748018015465451,0.03685650194016573
4128633,5727.000000000015,44.57992320419968,0.5203422385192944,0.6392887750612493,0.1649320495308039
4300901,6565.000000000038,45.66646249990713,0.5087585681645074,0.91519112678076,0.04692106262012225
4301404,10225.000000000176,45.55008987167906,0.5021026894865509,0.860229130518394,0.08105922345245814
4301859,3088.9999999999923,45.899670486194154,0.5017805114923922,0.8280655562036915,0.10706806628386108
4302154,2114.000000000003,42.75228041871288,0.4995269631031214,0.7814178995612892,0.07289421870686348
4304408,39229.0000000001,44.005668533120996,0.4873945295572152,0.8300725375817649,0.0384304580362977
4305124,6402.000000000014,46.63389169039368,0.501874414245548,0.865916953616843,0.11377253041712243
4307302,7878.000000000333,48.19387175526504,0.4975882203604988,0.7304908327083979,0.10423525354119839
4307864,2579.00000000001,46.88097216215983,0.5040713454827467,0.9602809601962026,0.043278704014816864
4308003,6671.999999999968,46.18781107787698,0.4907074340527574,0.8001809704600835,0.048499226692499585
4308854,1677.0000000000034,43.05273387218407,0.5301132975551568,0.8483093406533831,0.06801719450332452
4309654,6043.00000000001,48.7321364125421,0.5169617739533345,0.7295814430329962,0.08924399501937846
4309803,4710.000000000007,45.77759415709404,0.48619957537154973,0.8648874118812523,0.054519140078575626
4309951,4060.9999999999864,51.68455149541318,0.5080029549372093,0.8159115902655267,0.08523500761166888
4310702,4171.000000000017,43.910860361793006,0.5221769359865746,0.8479885714165596,0.10160838605795607
4312674,1721.0000000000105,46.99190703029628,0.5008715862870408,0.8820390200790759,0.06331522434427624
4313425,3925.000000000005,43.30839731835083,0.49630573248407694,0.9174967244126494,0.06635327338822923
4314027,7336.000000000016,46.991963184210995,0.5035441657579064,0.8838539436385118,0.0630548612371691
4314134,2196.0000000000114,49.55117053079021,0.512750455373405,0.9342613472957716,0.041200662650229335
4314498,4497.000000000025,43.614146063724846,0.5063375583722459,0.8482875225270498,0.0987606697180785
4314787,1750.0000000000127,52.551199224083476,0.527999999999998,0.9509792555064347,0.05817773740513686
4316477,2668.9999999999973,47.206717998159256,0.5159235668789812,0.9317068010528875,0.011095467174585842
4318606,6904.00000000002,46.98846283799802,0.48986095017381137,0.8457294421432241,0.05026026103437102
4320552,5850.000000000019,44.493761016707865,0.5015384615384616,0.8950377154397207,0.069593013586719
4320578,2123.9999999999995,45.23410648113696,0.5094161958568748,0.8820679584067587,0.04668568684333273
4321956,5787.00000000001,46.90800432895099,0.4983583894936928,0.7468139710660888,0.12350647103302657
4322525,3253.0000000000055,46.985403907593984,0.507838917921917,0.9069893083593507,0.10362129358732147
4323408,4221.000000000006,45.11399582773953,0.501303008765695,0.941483813703754,0.04230288168932702
4323507,2832.000000000006,45.32815091328102,0.49435028248587476,0.851821902585618,0.07757046354204984
2903003,13987.000000000024,47.122863413083195,0.5013226567526985,0.2809568978380049,0.1377902757145764
2905107,10368.000000000167,44.23430909438698,0.49575617283950624,0.14640642037862173,0.2541200605293283
2912509,14171.000000000095,44.84673551522111,0.49735375061745846,0.4490113936341286,0.2763824176664438
2914653,28389.99999999985,44.813341325245474,0.5100739697076421,0.1871573192325577,0.24665563424206974
2920106,19325.999999999935,44.947150089243586,0.49441167339335784,0.2296404164861394,0.24357937635147733
2921807,12477.000000000007,47.114065198748285,0.49907830407950615,0.31707306229744203,0.26313427328277805
2924306,17982.00000000003,48.460199489277535,0.48570793015237546,0.31674228573414803,0.2511099207417354
2925253,15742.000000000113,45.491008383794956,0.503366789480372,0.21126272821129155,0.24609719462503504
2925907,27228.00000000015,44.22583623053612,0.5145805788159231,0.16693475961294318,0.33702301342603797
2926707,13007.000000000027,41.80332080174881,0.4792035058045657,0.4587113574521421,0.216040360711713
2927804,6673.000000000005,41.43924423499838,0.5128128278135777,0.18130351375271822,0.2692906764043884
3105707,6143.000000000036,46.94409973454479,0.4919420478593503,0.2961984877020902,0.15466378830842503
3114709,3341.0000000000155,48.333167503340654,0.5100269380425008,0.834034324545682,0.07635547370220468
3120003,3127.000000000007,48.316322915695025,0.4972817396866004,0.3387632550993414,0.1929478355291101
3121605,45879.99999999859,43.11283507139014,0.48472101133391665,0.2506915279008998,0.09638372709509757
3122009,19132.99999999997,44.94565209904256,0.5059844248157649,0.48814190350028874,0.13960436326327247
3129004,8707.000000000064,44.53952165084395,0.5084414838635576,0.6943460973768522,0.13854160504254215
3138104,6484.00000000001,44.36067108589314,0.5131091918568783,0.22227285421663467,0.13716532761893208
3140100,4219.000000000016,45.62565267874549,0.4880303389428757,0.14233863228334248,0.2013470816187923
3140209,2788,46.945857842493126,0.49820659971305725,0.6153767138543715,0.12315338877111774
3146909,14175.000000002154,43.442789548358114,0.5105467372134034,0.4299335843660406,0.08369250806878908
3148400,4918.000000000005,47.34124127789025,0.48495323302155374,0.13760682669056543,0.17320014510249027
3153707,3302.999999999955,46.36960831607073,0.5095367847411452,0.5917581169001059,0.12451671560373367
3163904,5040.000000000014,46.76727864752443,0.5251984126984112,0.8954252100279579,0.12001897086139562
3165107,7093.000000000085,48.53249389276354,0.5016213167911997,0.5710645830951175,0.10896759681116672
3529104,2113.0000000000095,44.61354518763126,0.5030761949834357,0.6844162254791031,0.08788236977995473
3539905,5395.000000000027,47.196922676686604,0.4950880444856332,0.7656730338961948,0.08590924583926278
3542404,18493.999999999676,44.19196073754509,0.4968097761436135,0.6452845230260023,0.07349274290705454
1100700,12665.000000000005,47.17436538530221,0.5343861034346625,0.3487524976394509,0.11223533564750893
2802502,2929.000000000001,51.15283720456194,0.48583134175486586,0.14668153493631508,0.14009041909074343
5008404,5901.00000000008,42.34040480029468,0.501440433824776,0.47253799647059963,0.1543932711131569
2400109,11035.000000000284,44.86524056983524,0.486089714544632,0.5195074443170612,0.17625409745494475
2403905,2874.00000000001,42.31907686188274,0.5069589422407785,0.47718790072850853,0.3009171944544088
2405207,5345.0000000000155,46.27230915373666,0.4957904583723111,0.33589564676649764,0.27342883210323404
2411601,2975.0000000000164,41.90734907634149,0.5122689075630246,0.2584141153039596,0.33451175500074704
2413300,5743.000000000013,41.919415171244175,0.4988681873585228,0.38584198159511474,0.3448252303448636
5106216,12127.000000000002,43.24299206688589,0.5321184134575728,0.4324266937929021,0.12914903686260495
5107008,17599.00000000037,50.38005020823595,0.5260526166259427,0.2867916064403489,0.1618631692887565
5107248,4084.9999999999923,40.343231921010926,0.5255813953488393,0.5187499542724656,0.08257092783430087
2201804,4369.000000000022,45.94353260031845,0.49187457084000774,0.3986154294141221,0.2513979323396535
2202851,4540.9999999996535,41.04430626139976,0.5236731997357433,0.24897500525753916,0.31013218220197986
2205953,7811.999999999998,47.498211139506054,0.49500768049154975,0.2579200997785496,0.3338192284764398
2207306,4059.0000000000127,41.23539666862795,0.5045577728504556,0.2143238127111392,0.25799057113748114
2207405,4993.000000000015,44.634013602025995,0.5149208892449438,0.28427884710341883,0.2547623183865825
2209401,6007.000000000031,42.87297407649798,0.49542200765773137,0.359500151193207,0.27668551722438545
2209658,5566.999999999964,49.80599126466445,0.5087120531704736,0.5904244431057841,0.3954855868313441
2504801,15148.999999999973,45.19230569731779,0.4898673179747849,0.4939819687760693,0.3234412281024147
2508554,3942.000000000009,48.94578100903966,0.4916286149162864,0.4054737793075716,0.313913113679122
2513208,6471.000000000016,48.304636589819076,0.5073404419718753,0.5348025823000686,0.2830648119542632
5202809,2450.0000000000095,43.00366976801961,0.503673469387754,0.46623156059604903,0.14673866570051372
5207535,6982.999999999984,42.642137314619504,0.5229843906630418,0.3615961667957774,0.18140067348536357
5216452,2949.9999999999995,40.66997251956077,0.5322033898305106,0.2986942522696412,0.1260871636070686
2303907,12614.999999999996,42.189833165543256,0.4910027744748324,0.2363672954445652,0.31814609900304447
2306207,7315.999999999984,40.89737915051809,0.4978130125751785,0.32191347742712667,0.21849343706003665
2310605,8225.999999999987,51.231923389611595,0.4916119620714813,0.28891526839956455,0.23598820483682073
2311231,6125.999999999994,41.51379453828023,0.5156709108716959,0.5218981438490355,0.26521574301218404
2313757,18802.00000000009,44.39860279045751,0.5127645995106904,0.21553922357011193,0.27709379059595923
1501576,15298.000000001646,43.4063439117911,0.5262779448293882,0.19792289159061566,0.21833867669113366
1503457,51308.99999999986,41.375117177859316,0.5243524527860622,0.14596950066072895,0.24158359906178611
2104503,10204.999999999845,43.669834474770504,0.49642332190102867,0.1578406216841607,0.3052593993963608
2110302,14287.999999999978,43.8558467921166,0.5032194848824194,0.1813582451916948,0.28373896084827577
2110658,6982.999999999792,46.51518007996158,0.5106687670055838,0.25164651484346556,0.2889100047442685
2604304,10778.000000000007,43.45836165534505,0.5001855631842645,0.294763264766337,0.21847224184588662
2604403,12403.999999999996,42.997283033357725,0.4914543695582068,0.26122338498941416,0.23815035417483163
2605301,31636.00000000016,49.03162471527486,0.4894740169427218,0.23324870801478298,0.2558168397157504
2606309,6854.999999999998,41.57362082551045,0.5034281546316566,0.1475070699351139,0.2542539605295182
2609105,13596.00000000005,42.03011899641222,0.48183289202706764,0.4014855666113215,0.33165109715157254
2610905,62931.000000002416,48.15608771475029,0.4864851980740839,0.31403210019120714,0.23462532983921375
2614105,33786.99999999989,44.58201094626582,0.48835350874596756,0.3374869158695008,0.2631982164000169
2614808,22068.000000000062,43.51769603513538,0.5056643103135748,0.1547419603587902,0.2528120897101015
4202131,6004.000000000031,43.60686247206736,0.51698867421718675,0.7746513670936569,0.05750794545592844
4204103,4411.000000000005,47.402871379022194,0.5030605304919525,0.7641475059584659,0.10461101738702751
4207601,4752.000000000111,45.60518015191659,0.49789562289562483,0.9328125871571871,0.03866543318377794
4207684,6798.0000000000455,46.156301856132515,0.510885554574874,0.38237477673777914,0.11267494113006515
4208955,1766.0000000000045,42.025242089827564,0.5096262740656855,0.82948666469079535,0.08297597865024699
4212239,4080.000000000027,41.88827004081903,0.5124999999999986,0.8072589586790869,0.10047428818680401
4215356,3961.000000000327,46.05198989099892,0.5150214592274668,0.676292626523398,0.12976412341655902
4219101,3532.000000000017,44.97757040363462,0.5053793884484697,0.7637268370282804,0.08514482701279366
4102752,3945.000000000009,43.65229069300828,0.5115335868187567,0.6321150093572965,0.1389422791156893
4109203,5226.9999999993215,43.905164811681935,0.49244308398699077,0.5550526847564659,0.11651226193914627
4110201,10942.999999999978,48.812645118231394,0.5121081970209286,0.679385779735591,0.1037233598112144
4115507,4603.000000000009,42.355376349235364,0.4970671301325228,0.7442785103870716,0.13302914548764855
4123006,13689.000000000031,45.079366910318534,0.5070494557674028,0.75763669959039,0.0898395166264157
4127205,15775.999999999296,44.62226389369909,0.4958164300202855,0.6029029698838225,0.0886531358222673
4128807,6012.000000001481,44.93386394214788,0.4986693280106479,0.5347129177845357,0.108984671641688
3304003,26313.999999999764,46.85250044778221,0.4908793797978246,0.46309953305744744,0.08010162186834513
4300307,7045.000000000031,47.531110861122244,0.49850958126330736,0.821084407872362,0.06748294944579424
4300505,8027.000000000028,42.76821915228407,0.5143889373364882,0.8562937204573638,0.11870813632288639
4300570,2917.0000000000086,45.651057520871454,0.5142269454919429,0.9732625374988065,0.01849176280639756
4301651,5741.000000000006,42.80355423335452,0.5072287058003826,0.9280122823032643,0.033503338788862504
4301958,2367.0000000000023,45.527781550511826,0.49725390790029633,0.8571941397334233,0.05459226927418392
4302006,11133.00000000001,40.086042827091916,0.5145962453965692,0.743498730647274,0.13676240775681386
4302600,3702.0000000000036,43.50399695605424,0.5040518638573748,0.7427902009769042,0.1374717538760673
4302659,4674.999999999974,49.670440078960006,0.512941176470588,0.9587253926791162,0.025536685722580568
4303202,4868.000000000007,49.663257082456674,0.4965078060805254,0.7039323040068888,0.10320347550475999
4304622,1754.000000000008,41.60536498800283,0.5376282782212088,0.904848097696534,0.09378316566519318
4306056,7280.000000000016,44.61355309528004,0.506318681318681,0.839979477205169,0.09965262785792661
4306429,2157.0000000000045,49.798491253103904,0.5006954102920712,0.6822525653904931,0.1429744892939983
4307500,15239.999999999802,51.06781116595164,0.49422572178477836,0.8515450355408827,0.06814586257055917
4308656,3234.0000000000146,42.26993660833471,0.5200989486703756,0.7575547582647016,0.12050751025795156
4309159,3970.000000000014,43.28619777679389,0.5148614609571789,0.7230835181923636,0.09767143285275834
4309506,8114.999999999816,41.496562921833906,0.48687615526802186,0.8767874176028523,0.06036485898085005
4311759,7072.000000000022,45.524423130698196,0.5028280542986426,0.8267090856043401,0.10984703430647502
4311775,6905.000000000001,45.19300764830003,0.5102099927588714,0.880780574269155,0.07433531746166262
4312351,1542.0000000000075,48.30962877992323,0.5149156939040204,0.9893136967600776,0.0682825462868212
4312708,12073.99999999996,47.58124974135321,0.4913036276296203,0.7120083258075043,0.10007121071978106
4313334,2437.000000000009,51.14242262042245,0.5112843660237996,0.885562767339226,0.06047001052287185
4313607,4243.000000000005,46.505488921144625,0.49752533584727787,0.8643446599026569,0.07776465368433036
4315156,6163.000000000011,48.91222912215804,0.5164692519876678,0.9141613468115333,0.08457118588307125
4315552,3616.0000000000073,46.03009514777383,0.5143805309734502,0.7547081984324141,0.14644499853522322
4317707,11210,45.239030931552236,0.4976806422836761,0.7139522245321726,0.09661085934941706
4317905,14378.00000000034,46.20951854056606,0.5000695507024596,0.9250527666196954,0.026288025596342163
4319356,3315.0000000000123,47.76664922349186,0.5076923076923081,0.9471281597529045,0.013942043025336175
4321303,26092.00000000003,42.0240641075448,0.48631764525525045,0.9262265288107817,0.05910915858609131
4323200,3036.0000000000628,46.33346521116151,0.4980237154150192,0.9243030149542077,0.027620835300454383
2901304,13959.999999999969,42.67215744575492,0.5143982808022945,0.11053511953426903,0.27327369187980155
2902658,11814.000000000031,45.590770689116916,0.5072794988996103,0.32315128189752995,0.27227113256023
2904803,11419.999999999953,43.150992432453336,0.5246935201401065,0.23150153252501995,0.30899899100317185
2908705,16898.00000000004,43.055566149326445,0.4894070304177991,0.3029562656046969,0.2696591666045822
2910305,7947.0000000000155,43.29141206253592,0.4979237448093621,0.2684624696279354,0.23956573248888927
2910776,6184.0000000000255,45.237663730992004,0.516979301423026,0.3735332653178256,0.21972545106217334
2918209,14118.000000000022,44.95172140401185,0.5067998300042502,0.20185995722125893,0.2295949672423589
2918555,6474.00000000001,45.39723310759924,0.506641952425085,0.17471366838600744,0.28729994058028674
2919009,3936.000000000026,47.28696543819427,0.519563008130079,0.17528348929003243,0.268500531756342
2919926,17375.999999999836,43.53715868739603,0.4821017495395976,0.10983297943258702,0.048846395914527475
2919959,7038.0000000000255,40.79210725148078,0.5088093208297804,0.3102319442802513,0.32601835191426587
2920205,16013.999999999973,41.974728769376014,0.5173598101661047,0.0932290739006117,0.252809998883886
2925600,13750.000000000027,43.734975882199585,0.5085090909090904,0.32408362357240056,0.1606220483947765
3119906,3730.000000000006,49.79006374086583,0.5222520107238603,0.8982575008240352,0.12521421801602817
3123502,1841.000000000002,43.472915513647614,0.526887561108095,0.7137476516986268,0.06313218297890176
3124609,2470.000000000014,43.06405994022003,0.49919028340080845,0.48795727060973654,0.1639149330853419
3126307,4097.99999999999,47.7429027147459,0.5126891166422672,0.6766466881503846,0.10986838998629789
3136306,45259.99999999889,42.87484396247486,0.5092355280600979,0.3446908306157362,0.09382557320168103
3145455,5266.999999999998,37.21695613655609,0.5274349724700979,0.18271507924711064,0.17120440416274824
3146750,6931.000000000037,43.53946620537286,0.515077189438752,0.26570994049745456,0.29504834979328626
3148608,17259.999999999916,45.952742346483205,0.493916570104285,0.28211372685905584,0.19585227973406488
3152907,8806.999999999636,46.592015630919526,0.5059611672533219,0.6482093955457494,0.0840501814672935
3155108,5217.000000000006,48.43902288560406,0.5131301514280229,0.25973420487464655,0.24492837330766032
3157377,4397.000000000005,40.66872547779583,0.5171707982715492,0.35737815266888007,0.26261441499419913
3166006,5682.999999999998,47.18377339154798,0.5011437620974837,0.4924625880707363,0.1252125625329685
3512506,5237.999999999997,46.43033849877853,0.49828178694158126,0.7150190248590506,0.051833286125506806
